강좌번호,학점,교과목명,구분,시간,개설대학,담당교수,성향,강의시간,시간벡터
CLTR0001-001,3.0,국어와 매체언어,교양,"화 1A,1B,2A
목 2B,3A,3B",인문대학,황지윤,"1,3,1,3,1,3,0,3,3,0,2,1,3,3,0,1","화 9.0, 9.5, 10.0
목 10.5, 11.0, 11.5","['화 9.0', '화 9.5', '화 10.0', '목 10.5', '목 11.0', '목 11.5']"
CLTR0044-001,3.0,철학의이해,교양,"월 8B,9A,9B
수 7A,7B,8A",인문대학,홍우람,"1,2,1,0,3,1,2,2,3,0,1,2,2,0,2,3","월 16.5, 17.0, 17.5
수 15.0, 15.5, 16.0","['월 16.5', '월 17.0', '월 17.5', '수 15.0', '수 15.5', '수 16.0']"
CLTR0053-001,3.0,한국의문학과영화,교양,"수 1A,1B,2A
금 2B,3A,3B",인문대학,김동현,"3,0,3,1,0,3,3,3,3,0,1,0,2,2,2,0","수 9.0, 9.5, 10.0
금 10.5, 11.0, 11.5","['수 9.0', '수 9.5', '수 10.0', '금 10.5', '금 11.0', '금 11.5']"
CLTR0205-001,3.0,대학글쓰기,교양,"수 1A,1B,2A
금 2B,3A,3B",인문대학,유신지,"1,3,2,0,0,0,3,0,0,2,2,2,2,2,3,3","수 9.0, 9.5, 10.0
금 10.5, 11.0, 11.5","['수 9.0', '수 9.5', '수 10.0', '금 10.5', '금 11.0', '금 11.5']"
CLTR0210-001,3.0,명저읽기와 토론,교양,"화 7A,7B,8A
목 7A,7B,8A",인문대학,정우락,"1,3,0,0,3,0,3,0,0,1,3,2,1,0,1,0","화 15.0, 15.5, 16.0
목 15.0, 15.5, 16.0","['화 15.0', '화 15.5', '화 16.0', '목 15.0', '목 15.5', '목 16.0']"
CLTR0462-001,3.0,팔공산과 대구 문화의 이해,교양,"월 5B,6A,6B
금 5B,6A,6B",인문대학,황명환,"1,1,2,3,0,3,0,3,0,1,1,3,1,2,0,2","월 13.5, 14.0, 14.5
금 13.5, 14.0, 14.5","['월 13.5', '월 14.0', '월 14.5', '금 13.5', '금 14.0', '금 14.5']"
CLTR0527-001,3.0,한국문학과 사회,교양,"월 1A,1B,2A
수 2B,3A,3B",인문대학,김주현,"0,0,3,2,2,0,0,1,0,1,2,0,1,1,2,2","월 9.0, 9.5, 10.0
수 10.5, 11.0, 11.5","['월 9.0', '월 9.5', '월 10.0', '수 10.5', '수 11.0', '수 11.5']"
TCHR0465-001,3.0,국어 논리 및 논술지도,교직,"화 7A,7B,8A
화 8B,9A,9B",인문대학,김덕호,"0,3,1,2,1,0,0,2,3,3,0,0,2,2,2,0","화 15.0, 15.5, 16.0
화 16.5, 17.0, 17.5","['화 15.0', '화 15.5', '화 16.0', '화 16.5', '화 17.0', '화 17.5']"
CLTR0034-001,3.0,영어 I,교양,"수 1A,1B,2A
금 2B,3A,3B",인문대학,강수진,"0,2,3,3,3,2,1,1,1,0,2,0,3,0,0,3","수 9.0, 9.5, 10.0
금 10.5, 11.0, 11.5","['수 9.0', '수 9.5', '수 10.0', '금 10.5', '금 11.0', '금 11.5']"
CLTR0815-001,3.0,인문사회 기초통계,교양,"수 1A,1B,2A
금 2B,3A,3B",인문대학,윤규원,"3,2,2,3,1,0,0,0,3,0,0,1,3,2,1,2","수 9.0, 9.5, 10.0
금 10.5, 11.0, 11.5","['수 9.0', '수 9.5', '수 10.0', '금 10.5', '금 11.0', '금 11.5']"
TCHR0623-001,3.0,영어교육론,교직,"화 2B,3A,3B
목 1A,1B,2A",인문대학,장종득,"1,0,2,2,2,1,2,3,1,0,1,3,2,3,2,2","화 10.5, 11.0, 11.5
목 9.0, 9.5, 10.0","['화 10.5', '화 11.0', '화 11.5', '목 9.0', '목 9.5', '목 10.0']"
CLTR0016-001,3.0,교양한문,교양,"화 5B,6A,6B
목 5B,6A,6B",인문대학,박정민,"2,1,2,1,0,3,1,2,1,1,2,3,0,0,2,1","화 13.5, 14.0, 14.5
목 13.5, 14.0, 14.5","['화 13.5', '화 14.0', '화 14.5', '목 13.5', '목 14.0', '목 14.5']"
CLTR0038-001,3.0,스페인어,교양,"월 1A,1B,2A
수 2B,3A,3B",인문대학,김선웅,"2,0,1,2,3,1,0,3,3,0,2,1,3,2,2,3","월 9.0, 9.5, 10.0
수 10.5, 11.0, 11.5","['월 9.0', '월 9.5', '월 10.0', '수 10.5', '수 11.0', '수 11.5']"
CLTR0040-001,3.0,스페인어 2,교양,"수 1A,1B,2A
금 2B,3A,3B",인문대학,김선웅,"2,0,0,1,3,0,3,1,0,1,3,3,2,2,2,3","수 9.0, 9.5, 10.0
금 10.5, 11.0, 11.5","['수 9.0', '수 9.5', '수 10.0', '금 10.5', '금 11.0', '금 11.5']"
CLTR0041-001,3.0,한국사,교양,"월 5B,6A,6B
금 5B,6A,6B",인문대학,이명미,"0,0,0,1,1,0,3,1,1,2,3,2,1,2,1,2","월 13.5, 14.0, 14.5
금 13.5, 14.0, 14.5","['월 13.5', '월 14.0', '월 14.5', '금 13.5', '금 14.0', '금 14.5']"
CLTR0042-001,3.0,동양의역사와문화,교양,"화 1A,1B,2A
목 2B,3A,3B",인문대학,최윤정,"2,2,2,0,0,0,0,1,0,2,0,3,2,0,2,1","화 9.0, 9.5, 10.0
목 10.5, 11.0, 11.5","['화 9.0', '화 9.5', '화 10.0', '목 10.5', '목 11.0', '목 11.5']"
CLTR0043-001,3.0,서양의역사와문화,교양,"수 8B,9A,9B
금 8B,9A,9B",인문대학,강미경,"0,3,3,3,2,2,2,1,0,0,1,0,0,3,3,2","수 16.5, 17.0, 17.5
금 16.5, 17.0, 17.5","['수 16.5', '수 17.0', '수 17.5', '금 16.5', '금 17.0', '금 17.5']"
CLTR0043-002,3.0,서양의역사와문화,교양,"화 2B,3A,3B
목 1A,1B,2A",인문대학,김필영,"2,1,1,1,2,2,0,3,2,3,3,3,1,1,2,0","화 10.5, 11.0, 11.5
목 9.0, 9.5, 10.0","['화 10.5', '화 11.0', '화 11.5', '목 9.0', '목 9.5', '목 10.0']"
CLTR0083-001,3.0,경제의이해,교양,"화 2B,3A,3B
목 1A,1B,2A",인문대학,박상우,"0,1,1,2,2,2,1,1,0,2,3,0,0,1,3,2","화 10.5, 11.0, 11.5
목 9.0, 9.5, 10.0","['화 10.5', '화 11.0', '화 11.5', '목 9.0', '목 9.5', '목 10.0']"
CLTR0468-001,3.0,인물로 본 서양사,교양,"월 8B,9A,9B
수 7A,7B,8A",인문대학,최현미,"0,2,1,0,2,1,2,2,0,0,2,3,2,0,3,3","월 16.5, 17.0, 17.5
수 15.0, 15.5, 16.0","['월 16.5', '월 17.0', '월 17.5', '수 15.0', '수 15.5', '수 16.0']"
CLTR0474-001,3.0,역사로 보는 서양기업과 기업문화,교양,"화 8B,9A,9B
목 8B,9A,9B",인문대학,김건우,"2,0,1,1,0,3,2,3,3,2,1,0,0,1,3,1","화 16.5, 17.0, 17.5
목 16.5, 17.0, 17.5","['화 16.5', '화 17.0', '화 17.5', '목 16.5', '목 17.0', '목 17.5']"
CLTR0525-001,3.0,영국의 역사와 문화,교양,"수 1A,1B,2A
금 2B,3A,3B",인문대학,윤영휘,"0,0,1,2,3,2,3,0,2,1,2,2,3,2,2,0","수 9.0, 9.5, 10.0
금 10.5, 11.0, 11.5","['수 9.0', '수 9.5', '수 10.0', '금 10.5', '금 11.0', '금 11.5']"
CLTR0577-001,3.0,영남학과 지방학,교양,"수 1A,1B,2A
금 2B,3A,3B",인문대학,신주엽,"3,1,3,1,3,3,2,1,3,3,2,1,1,0,3,2","수 9.0, 9.5, 10.0
금 10.5, 11.0, 11.5","['수 9.0', '수 9.5', '수 10.0', '금 10.5', '금 11.0', '금 11.5']"
CLTR0805-001,3.0,스페인·라틴아메리카의 역사와 문화,교양,"월 2B,3A,3B
금 1A,1B,2A",인문대학,김선웅,"3,3,2,1,3,0,2,0,3,0,2,3,1,1,2,1","월 10.5, 11.0, 11.5
금 9.0, 9.5, 10.0","['월 10.5', '월 11.0', '월 11.5', '금 9.0', '금 9.5', '금 10.0']"
CLTR0832-001,3.0,중국의 전통문화와 현대,교양,"화 2B,3A,3B
목 1A,1B,2A",인문대학,윤재석,"2,3,2,3,1,1,3,3,2,0,3,1,3,1,3,0","화 10.5, 11.0, 11.5
목 9.0, 9.5, 10.0","['화 10.5', '화 11.0', '화 11.5', '목 9.0', '목 9.5', '목 10.0']"
TCHR0472-001,3.0,역사 논리 및 논술지도,교직,"수 7A,7B,8A
수 8B,9A,9B",인문대학,구소영,"1,1,3,1,3,1,3,3,2,0,0,1,0,2,3,2","수 15.0, 15.5, 16.0
수 16.5, 17.0, 17.5","['수 15.0', '수 15.5', '수 16.0', '수 16.5', '수 17.0', '수 17.5']"
TCHR0522-001,2.0,학교현장실습,교직,,인문대학,정재훈,"3,0,0,0,1,3,0,3,1,3,1,3,1,0,0,1",,[]
CLTR0044-002,3.0,철학의이해,교양,"화 2B,3A,3B
목 1A,1B,2A",인문대학,정희중,"3,0,0,2,1,0,2,2,2,3,3,3,1,2,0,0","화 10.5, 11.0, 11.5
목 9.0, 9.5, 10.0","['화 10.5', '화 11.0', '화 11.5', '목 9.0', '목 9.5', '목 10.0']"
CLTR0094-001,3.0,문화인류학의이해,교양,"월 8B,9A,9B
수 7A,7B,8A",인문대학,정유진,"1,3,1,0,3,2,2,2,2,0,0,2,1,0,0,3","월 16.5, 17.0, 17.5
수 15.0, 15.5, 16.0","['월 16.5', '월 17.0', '월 17.5', '수 15.0', '수 15.5', '수 16.0']"
CLTR0112-001,3.0,생활속의통계,교양,"화 8B,9A,9B
목 8B,9A,9B",인문대학,송명언,"2,3,3,2,2,2,3,2,2,0,0,3,0,3,3,3","화 16.5, 17.0, 17.5
목 16.5, 17.0, 17.5","['화 16.5', '화 17.0', '화 17.5', '목 16.5', '목 17.0', '목 17.5']"
CLTR0205-002,3.0,대학글쓰기,교양,"수 1A,1B,2A
금 2B,3A,3B",인문대학,류동일,"1,2,3,3,3,0,2,3,1,2,3,0,2,2,0,2","수 9.0, 9.5, 10.0
금 10.5, 11.0, 11.5","['수 9.0', '수 9.5', '수 10.0', '금 10.5', '금 11.0', '금 11.5']"
CLTR0508-001,3.0,인간과 언어,교양,"화 7A,7B,8A
목 7A,7B,8A",인문대학,김정일,"1,3,0,0,0,1,0,0,3,2,3,2,0,2,3,2","화 15.0, 15.5, 16.0
목 15.0, 15.5, 16.0","['화 15.0', '화 15.5', '화 16.0', '목 15.0', '목 15.5', '목 16.0']"
CLTR0795-001,3.0,동양철학과 현대사회,교양,"월 2B,3A,3B
금 1A,1B,2A",인문대학,이승율,"0,2,0,3,2,2,2,3,3,0,3,3,1,2,2,0","월 10.5, 11.0, 11.5
금 9.0, 9.5, 10.0","['월 10.5', '월 11.0', '월 11.5', '금 9.0', '금 9.5', '금 10.0']"
CLTR0811-001,3.0,인문사회 코딩기초,교양,"금 1A,1B
금 2A,2B
금 3A,3B
금 4A,4B",인문대학,안현숙,"3,1,1,1,3,2,2,3,1,2,3,1,1,2,2,1","금 9.0, 9.5
금 10.0, 10.5
금 11.0, 11.5
금 12.0, 12.5","['금 9.0', '금 9.5', '금 10.0', '금 10.5', '금 11.0', '금 11.5', '금 12.0', '금 12.5']"
CLTR0817-001,3.0,인문사회 기초물리학 및 화학,교양,"화 5B,6A,6B
목 5B,6A,6B",인문대학,이영미,"2,0,1,0,0,2,2,0,1,1,0,0,2,2,0,1","화 13.5, 14.0, 14.5
목 13.5, 14.0, 14.5","['화 13.5', '화 14.0', '화 14.5', '목 13.5', '목 14.0', '목 14.5']"
TCHR0494-001,3.0,철학 논리 및 논술지도,교직,"금 5B,6A,6B
금 7A,7B,8A",인문대학,김재철,"3,3,1,2,3,0,0,2,3,3,0,1,0,2,2,2","금 13.5, 14.0, 14.5
금 15.0, 15.5, 16.0","['금 13.5', '금 14.0', '금 14.5', '금 15.0', '금 15.5', '금 16.0']"
CLTR0022-001,3.0,프랑스어1,교양,"화 5B,6A,6B
목 5B,6A,6B",인문대학,송태미,"2,2,2,2,3,3,3,2,3,1,1,2,0,0,2,2","화 13.5, 14.0, 14.5
목 13.5, 14.0, 14.5","['화 13.5', '화 14.0', '화 14.5', '목 13.5', '목 14.0', '목 14.5']"
CLTR0022-002,3.0,프랑스어1,교양,"수 1A,1B,2A
금 2B,3A,3B",인문대학,김귀원,"1,2,2,3,0,3,2,0,1,3,2,0,0,2,3,3","수 9.0, 9.5, 10.0
금 10.5, 11.0, 11.5","['수 9.0', '수 9.5', '수 10.0', '금 10.5', '금 11.0', '금 11.5']"
CLTR0023-001,3.0,프랑스어2,교양,"화 2B,3A,3B
목 1A,1B,2A",인문대학,김귀원,"1,1,3,1,2,3,1,3,1,2,1,0,1,1,0,1","화 10.5, 11.0, 11.5
목 9.0, 9.5, 10.0","['화 10.5', '화 11.0', '화 11.5', '목 9.0', '목 9.5', '목 10.0']"
CLTR0210-002,3.0,명저읽기와 토론,교양,"화 8B,9A,9B
목 8B,9A,9B",인문대학,전승화,"0,2,1,1,0,2,3,0,3,3,2,1,0,2,0,2","화 16.5, 17.0, 17.5
목 16.5, 17.0, 17.5","['화 16.5', '화 17.0', '화 17.5', '목 16.5', '목 17.0', '목 17.5']"
CLTR0503-001,3.0,신화와 상상력,교양,"수 1A,1B,2A
금 2B,3A,3B",인문대학,송홍진,"0,2,3,2,2,3,3,2,0,2,1,3,1,2,1,2","수 9.0, 9.5, 10.0
금 10.5, 11.0, 11.5","['수 9.0', '수 9.5', '수 10.0', '금 10.5', '금 11.0', '금 11.5']"
CLTR0816-001,3.0,인문사회 기초생명과학,교양,"수 8B,9A,9B
금 8B,9A,9B",인문대학,이윤호,"2,3,2,3,3,1,2,0,2,2,2,3,3,3,3,3","수 16.5, 17.0, 17.5
금 16.5, 17.0, 17.5","['수 16.5', '수 17.0', '수 17.5', '금 16.5', '금 17.0', '금 17.5']"
CLTR0024-001,3.0,독일어1,교양,"화 5B,6A,6B
목 5B,6A,6B",인문대학,김정철,"2,3,1,1,1,2,1,0,0,1,3,1,1,0,3,0","화 13.5, 14.0, 14.5
목 13.5, 14.0, 14.5","['화 13.5', '화 14.0', '화 14.5', '목 13.5', '목 14.0', '목 14.5']"
CLTR0025-001,3.0,독일어2,교양,"월 8B,9A,9B
수 7A,7B,8A",인문대학,안철택,"1,2,0,3,3,0,1,0,2,3,3,1,3,3,3,3","월 16.5, 17.0, 17.5
수 15.0, 15.5, 16.0","['월 16.5', '월 17.0', '월 17.5', '수 15.0', '수 15.5', '수 16.0']"
CLTR0131-001,3.0,독일문학의 이해,교양,"화 7A,7B,8A
목 7A,7B,8A",인문대학,김정철,"1,2,2,1,0,2,3,0,0,0,0,1,2,2,1,1","화 15.0, 15.5, 16.0
목 15.0, 15.5, 16.0","['화 15.0', '화 15.5', '화 16.0', '목 15.0', '목 15.5', '목 16.0']"
CLTR0131-002,3.0,독일문학의 이해,교양,"화 8B,9A,9B
목 8B,9A,9B",인문대학,김성희,"1,0,1,3,3,2,3,1,1,1,2,3,1,0,1,1","화 16.5, 17.0, 17.5
목 16.5, 17.0, 17.5","['화 16.5', '화 17.0', '화 17.5', '목 16.5', '목 17.0', '목 17.5']"
CLTR0806-001,3.0,토론의 준비와 실제,교양,"화 7A,7B,8A
목 7A,7B,8A",인문대학,안철택,"1,3,2,2,1,3,2,1,2,1,1,1,2,1,3,0","화 15.0, 15.5, 16.0
목 15.0, 15.5, 16.0","['화 15.0', '화 15.5', '화 16.0', '목 15.0', '목 15.5', '목 16.0']"
CLTR0011-001,3.0,중국어1,교양,"월 2B,3A,3B
금 1A,1B,2A",인문대학,정보선,"2,0,1,3,2,3,1,3,2,3,1,2,0,2,0,0","월 10.5, 11.0, 11.5
금 9.0, 9.5, 10.0","['월 10.5', '월 11.0', '월 11.5', '금 9.0', '금 9.5', '금 10.0']"
CLTR0011-002,3.0,중국어1,교양,"수 1A,1B,2A
금 2B,3A,3B",인문대학,전윤희,"0,2,2,1,2,2,1,1,1,2,2,3,1,2,2,0","수 9.0, 9.5, 10.0
금 10.5, 11.0, 11.5","['수 9.0', '수 9.5', '수 10.0', '금 10.5', '금 11.0', '금 11.5']"
CLTR0012-001,3.0,중국어2,교양,"화 5B,6A,6B
목 5B,6A,6B",인문대학,우병국,"1,1,0,0,0,1,0,3,3,2,3,0,3,0,0,2","화 13.5, 14.0, 14.5
목 13.5, 14.0, 14.5","['화 13.5', '화 14.0', '화 14.5', '목 13.5', '목 14.0', '목 14.5']"
CLTR0126-001,3.0,중국문학의이해,교양,"수 1A,1B,2A
금 2B,3A,3B",인문대학,서주영,"3,1,2,2,1,1,1,2,0,1,2,1,1,2,2,0","수 9.0, 9.5, 10.0
금 10.5, 11.0, 11.5","['수 9.0', '수 9.5', '수 10.0', '금 10.5', '금 11.0', '금 11.5']"
CLTR0126-002,3.0,중국문학의이해,교양,"월 8B,9A,9B
수 7A,7B,8A",인문대학,김예주,"1,3,1,3,1,3,3,3,1,3,1,0,2,1,0,3","월 16.5, 17.0, 17.5
수 15.0, 15.5, 16.0","['월 16.5', '월 17.0', '월 17.5', '수 15.0', '수 15.5', '수 16.0']"
CLTR0210-003,3.0,명저읽기와 토론,교양,"수 8B,9A,9B
금 8B,9A,9B",인문대학,이지은,"0,0,3,2,2,0,3,3,2,0,3,1,2,3,0,2","수 16.5, 17.0, 17.5
금 16.5, 17.0, 17.5","['수 16.5', '수 17.0', '수 17.5', '금 16.5', '금 17.0', '금 17.5']"
CLTR0554-001,3.0,비즈니스 중국어,교양,"수 8B,9A,9B
금 8B,9A,9B",인문대학,맹유,"2,0,2,0,1,3,1,2,2,2,0,1,2,0,0,0","수 16.5, 17.0, 17.5
금 16.5, 17.0, 17.5","['수 16.5', '수 17.0', '수 17.5', '금 16.5', '금 17.0', '금 17.5']"
TCHR0493-001,3.0,중국어 논리 및 논술지도,교직,"화 5B,6A,6B
목 5B,6A,6B",인문대학,장태원,"2,1,1,2,3,2,1,1,3,1,2,1,0,1,0,1","화 13.5, 14.0, 14.5
목 13.5, 14.0, 14.5","['화 13.5', '화 14.0', '화 14.5', '목 13.5', '목 14.0', '목 14.5']"
CLTR0046-001,3.0,고고학의 이해,교양,"화 8B,9A,9B
목 8B,9A,9B",인문대학,곽승기,"2,0,3,0,1,1,2,3,2,3,1,1,2,0,2,2","화 16.5, 17.0, 17.5
목 16.5, 17.0, 17.5","['화 16.5', '화 17.0', '화 17.5', '목 16.5', '목 17.0', '목 17.5']"
CLTR0210-005,3.0,명저읽기와 토론,교양,"화 1A,1B,2A
목 2B,3A,3B",인문대학,김희경,"1,1,2,1,0,1,2,2,1,3,0,2,1,0,2,3","화 9.0, 9.5, 10.0
목 10.5, 11.0, 11.5","['화 9.0', '화 9.5', '화 10.0', '목 10.5', '목 11.0', '목 11.5']"
CLTR0796-001,3.0,아시아 도시의 인문 여행,교양,"월 5B,6A,6B
금 5B,6A,6B",인문대학,이시활,"0,1,3,1,0,0,1,3,2,3,2,0,0,3,3,2","월 13.5, 14.0, 14.5
금 13.5, 14.0, 14.5","['월 13.5', '월 14.0', '월 14.5', '금 13.5', '금 14.0', '금 14.5']"
CLTR0851-001,3.0,인류세 생태문화와 평화학,교양,"월 2B,3A,3B
금 1A,1B,2A",인문대학,박충환,"3,3,0,1,0,1,1,2,3,2,2,2,0,3,0,0","월 10.5, 11.0, 11.5
금 9.0, 9.5, 10.0","['월 10.5', '월 11.0', '월 11.5', '금 9.0', '금 9.5', '금 10.0']"
CLTR0032-001,3.0,일어 I,교양,"월 5B,6A,6B
금 5B,6A,6B",인문대학,이자호,"3,0,2,0,3,0,2,0,0,3,3,1,0,3,0,0","월 13.5, 14.0, 14.5
금 13.5, 14.0, 14.5","['월 13.5', '월 14.0', '월 14.5', '금 13.5', '금 14.0', '금 14.5']"
CLTR0032-002,3.0,일어 I,교양,"화 1A,1B,2A
목 2B,3A,3B",인문대학,채수도,"1,3,2,0,1,0,1,3,2,0,3,1,2,0,3,2","화 9.0, 9.5, 10.0
목 10.5, 11.0, 11.5","['화 9.0', '화 9.5', '화 10.0', '목 10.5', '목 11.0', '목 11.5']"
CLTR0033-001,3.0,일어 II,교양,"화 8B,9A,9B
목 8B,9A,9B",인문대학,채수도,"1,0,1,2,1,0,1,3,1,3,2,3,2,3,3,3","화 16.5, 17.0, 17.5
목 16.5, 17.0, 17.5","['화 16.5', '화 17.0', '화 17.5', '목 16.5', '목 17.0', '목 17.5']"
CLTR0101-002,3.0,인간과자연,교양,"월 7A,7B,8A
금 7A,7B,8A",인문대학,박충선,"2,3,3,1,2,2,0,0,1,2,1,3,1,2,1,1","월 15.0, 15.5, 16.0
금 15.0, 15.5, 16.0","['월 15.0', '월 15.5', '월 16.0', '금 15.0', '금 15.5', '금 16.0']"
CLTR0128-001,3.0,일본문학의 이해,교양,"월 2B,3A,3B
금 1A,1B,2A",인문대학,손정아,"1,2,2,2,3,1,0,1,2,2,3,2,2,0,2,3","월 10.5, 11.0, 11.5
금 9.0, 9.5, 10.0","['월 10.5', '월 11.0', '월 11.5', '금 9.0', '금 9.5', '금 10.0']"
CLTR0208-001,3.0,심화글쓰기,교양,"화 7A,7B,8A
목 7A,7B,8A",인문대학,조헌구,"0,1,3,2,1,1,1,2,2,2,0,2,1,1,2,0","화 15.0, 15.5, 16.0
목 15.0, 15.5, 16.0","['화 15.0', '화 15.5', '화 16.0', '목 15.0', '목 15.5', '목 16.0']"
CLTR0210-006,3.0,명저읽기와 토론,교양,"화 5B,6A,6B
목 5B,6A,6B",인문대학,조헌구,"0,3,3,0,0,3,0,0,1,1,0,3,3,1,1,2","화 13.5, 14.0, 14.5
목 13.5, 14.0, 14.5","['화 13.5', '화 14.0', '화 14.5', '목 13.5', '목 14.0', '목 14.5']"
CLTR0476-001,3.0,일본어 스피치와 프리젠테이션,교양,"월 8B,9A,9B
수 7A,7B,8A",인문대학,이승민,"0,1,1,0,2,0,3,2,2,2,1,1,0,3,0,2","월 16.5, 17.0, 17.5
수 15.0, 15.5, 16.0","['월 16.5', '월 17.0', '월 17.5', '수 15.0', '수 15.5', '수 16.0']"
CLTR0583-001,3.0,일본대중문화의 이해,교양,"월 5B,6A,6B
금 5B,6A,6B",인문대학,이준섭,"1,2,2,2,3,2,1,3,3,0,1,0,1,3,2,3","월 13.5, 14.0, 14.5
금 13.5, 14.0, 14.5","['월 13.5', '월 14.0', '월 14.5', '금 13.5', '금 14.0', '금 14.5']"
TCHR0489-001,3.0,일본어 논리 및 논술지도,교직,"화 1A,1B,2A
목 2B,3A,3B",인문대학,이현진,"2,2,0,1,3,1,2,3,2,0,1,3,2,2,1,3","화 9.0, 9.5, 10.0
목 10.5, 11.0, 11.5","['화 9.0', '화 9.5', '화 10.0', '목 10.5', '목 11.0', '목 11.5']"
TCHR0627-001,3.0,일본어교육론,교직,"화 2B,3A,3B
목 1A,1B,2A",인문대학,이현진,"3,3,3,1,3,0,3,2,3,0,0,3,1,3,3,1","화 10.5, 11.0, 11.5
목 9.0, 9.5, 10.0","['화 10.5', '화 11.0', '화 11.5', '목 9.0', '목 9.5', '목 10.0']"
CLTR0016-002,3.0,교양한문,교양,"월 7A,7B,8A
금 7A,7B,8A",인문대학,우지영,"2,1,0,0,0,3,2,1,3,2,3,1,2,3,1,2","월 15.0, 15.5, 16.0
금 15.0, 15.5, 16.0","['월 15.0', '월 15.5', '월 16.0', '금 15.0', '금 15.5', '금 16.0']"
CLTR0016-003,3.0,교양한문,교양,"월 1A,1B,2A
수 2B,3A,3B",인문대학,박정민,"3,2,3,2,3,3,1,2,3,3,2,1,3,2,3,2","월 9.0, 9.5, 10.0
수 10.5, 11.0, 11.5","['월 9.0', '월 9.5', '월 10.0', '수 10.5', '수 11.0', '수 11.5']"
CLTR0017-001,3.0,실용한자,교양,"화 1A,1B,2A
목 2B,3A,3B",인문대학,정병호,"2,1,1,1,0,0,1,0,3,1,1,2,2,0,2,1","화 9.0, 9.5, 10.0
목 10.5, 11.0, 11.5","['화 9.0', '화 9.5', '화 10.0', '목 10.5', '목 11.0', '목 11.5']"
CLTR0101-003,3.0,인간과자연,교양,"월 2B,3A,3B
금 1A,1B,2A",인문대학,박충선,"2,1,2,1,3,2,2,1,2,2,1,3,1,2,0,2","월 10.5, 11.0, 11.5
금 9.0, 9.5, 10.0","['월 10.5', '월 11.0', '월 11.5', '금 9.0', '금 9.5', '금 10.0']"
CLTR0210-007,3.0,명저읽기와 토론,교양,"수 1A,1B,2A
금 2B,3A,3B",인문대학,강민구,"0,1,3,3,3,1,0,0,1,1,1,1,0,0,2,0","수 9.0, 9.5, 10.0
금 10.5, 11.0, 11.5","['수 9.0', '수 9.5', '수 10.0', '금 10.5', '금 11.0', '금 11.5']"
CLTR0811-002,3.0,인문사회 코딩기초,교양,"목 1A,1B
목 2A,2B
목 3A,3B
목 4A,4B",인문대학,송무희,"0,1,1,1,0,0,1,1,2,2,0,1,2,0,2,0","목 9.0, 9.5
목 10.0, 10.5
목 11.0, 11.5
목 12.0, 12.5","['목 9.0', '목 9.5', '목 10.0', '목 10.5', '목 11.0', '목 11.5', '목 12.0', '목 12.5']"
TCHR0630-001,3.0,한문교육론,교직,"화 1A,1B,2A
목 2B,3A,3B",인문대학,강민구,"3,0,0,3,2,3,2,1,0,0,3,2,3,0,1,1","화 9.0, 9.5, 10.0
목 10.5, 11.0, 11.5","['화 9.0', '화 9.5', '화 10.0', '목 10.5', '목 11.0', '목 11.5']"
CLTR0036-001,3.0,러시아어 I,교양,"월 7A,7B,8A
금 7A,7B,8A",인문대학,정지윤,"0,3,1,1,1,2,2,0,2,1,3,0,1,3,1,2","월 15.0, 15.5, 16.0
금 15.0, 15.5, 16.0","['월 15.0', '월 15.5', '월 16.0', '금 15.0', '금 15.5', '금 16.0']"
CLTR0036-002,3.0,러시아어 I,교양,"수 8B,9A,9B
금 8B,9A,9B",인문대학,임수영,"1,0,2,3,1,2,1,2,3,0,2,0,3,0,3,2","수 16.5, 17.0, 17.5
금 16.5, 17.0, 17.5","['수 16.5', '수 17.0', '수 17.5', '금 16.5', '금 17.0', '금 17.5']"
CLTR0037-001,3.0,러시아어 II,교양,"월 2B,3A,3B
금 1A,1B,2A",인문대학,정지윤,"2,1,3,2,0,2,0,3,1,3,0,0,1,1,3,1","월 10.5, 11.0, 11.5
금 9.0, 9.5, 10.0","['월 10.5', '월 11.0', '월 11.5', '금 9.0', '금 9.5', '금 10.0']"
CLTR0132-001,3.0,러시아문학의 이해,교양,"월 5B,6A,6B
금 5B,6A,6B",인문대학,이종현,"2,2,0,0,2,0,0,0,3,1,2,3,1,1,3,1","월 13.5, 14.0, 14.5
금 13.5, 14.0, 14.5","['월 13.5', '월 14.0', '월 14.5', '금 13.5', '금 14.0', '금 14.5']"
CLTR0458-001,3.0,러시아 문화 읽기,교양,"화 8B,9A,9B
목 8B,9A,9B",인문대학,윤영순,"3,1,3,2,1,2,2,2,2,2,0,1,1,1,3,3","화 16.5, 17.0, 17.5
목 16.5, 17.0, 17.5","['화 16.5', '화 17.0', '화 17.5', '목 16.5', '목 17.0', '목 17.5']"
CLTR0508-002,3.0,인간과 언어,교양,"화 2B,3A,3B
목 1A,1B,2A",인문대학,홍선희,"2,0,1,2,0,3,3,3,1,1,1,2,2,0,2,0","화 10.5, 11.0, 11.5
목 9.0, 9.5, 10.0","['화 10.5', '화 11.0', '화 11.5', '목 9.0', '목 9.5', '목 10.0']"
CLTR0518-001,3.0,아름다움이란 무엇인가,교양,"수 1A,1B,2A
금 2B,3A,3B",인문대학,이강은,"1,0,3,0,0,3,0,1,0,1,3,1,1,1,0,0","수 9.0, 9.5, 10.0
금 10.5, 11.0, 11.5","['수 9.0', '수 9.5', '수 10.0', '금 10.5', '금 11.0', '금 11.5']"
CLTR0613-001,3.0,동서고전의 만남,교양,"월 8B,9A,9B
수 7A,7B,8A",인문대학,김규종,"1,2,3,0,2,3,1,1,3,2,3,2,0,0,1,2","월 16.5, 17.0, 17.5
수 15.0, 15.5, 16.0","['월 16.5', '월 17.0', '월 17.5', '수 15.0', '수 15.5', '수 16.0']"
CLTR0815-002,3.0,인문사회 기초통계,교양,"월 7A,7B,8A
금 7A,7B,8A",인문대학,오지은,"1,3,2,2,2,3,0,2,0,1,1,3,1,0,1,0","월 15.0, 15.5, 16.0
금 15.0, 15.5, 16.0","['월 15.0', '월 15.5', '월 16.0', '금 15.0', '금 15.5', '금 16.0']"
TCHR0480-001,3.0,러시아어 논리 및 논술지도,교직,"화 4A,4B,5A
목 4A,4B,5A",인문대학,윤영순,"0,0,0,0,0,3,1,1,3,2,0,2,3,0,0,3","화 12.0, 12.5, 13.0
목 12.0, 12.5, 13.0","['화 12.0', '화 12.5', '화 13.0', '목 12.0', '목 12.5', '목 13.0']"
TCHR0591-001,3.0,러시아어교육론,교직,"월 10A,10B,11A
수 10A,10B,11A",인문대학,윤영순,"1,2,0,0,1,2,3,0,1,3,3,3,3,1,3,2","월 18.0, 18.5, 19.0
수 18.0, 18.5, 19.0","['월 18.0', '월 18.5', '월 19.0', '수 18.0', '수 18.5', '수 19.0']"
CLTR0128-002,3.0,일본문학의 이해,교양,"월 2B,3A,3B
금 1A,1B,2A",인문대학,조헌구,"3,3,1,2,2,0,3,3,1,1,2,2,2,1,2,3","월 10.5, 11.0, 11.5
금 9.0, 9.5, 10.0","['월 10.5', '월 11.0', '월 11.5', '금 9.0', '금 9.5', '금 10.0']"
CLTR0016-004,3.0,교양한문,교양,"화 2B,3A,3B
목 1A,1B,2A",사회과학대학,정지아,"0,0,2,0,0,0,0,0,0,3,3,2,3,0,2,0","화 10.5, 11.0, 11.5
목 9.0, 9.5, 10.0","['화 10.5', '화 11.0', '화 11.5', '목 9.0', '목 9.5', '목 10.0']"
CLTR0041-002,3.0,한국사,교양,"화 1A,1B,2A
목 2B,3A,3B",사회과학대학,김현주,"2,2,3,3,1,3,2,3,1,1,0,2,3,0,3,0","화 9.0, 9.5, 10.0
목 10.5, 11.0, 11.5","['화 9.0', '화 9.5', '화 10.0', '목 10.5', '목 11.0', '목 11.5']"
CLTR0061-001,3.0,정치학의 이해,교양,"금 2B,3A,3B
금 4A,4B,5A",사회과학대학,김석준,"2,2,3,0,1,1,1,1,0,2,1,3,1,0,1,0","금 10.5, 11.0, 11.5
금 12.0, 12.5, 13.0","['금 10.5', '금 11.0', '금 11.5', '금 12.0', '금 12.5', '금 13.0']"
CLTR0101-004,3.0,인간과자연,교양,"월 8B,9A,9B
수 7A,7B,8A",사회과학대학,박충선,"1,0,0,1,0,1,0,1,3,3,0,0,3,0,2,1","월 16.5, 17.0, 17.5
수 15.0, 15.5, 16.0","['월 16.5', '월 17.0', '월 17.5', '수 15.0', '수 15.5', '수 16.0']"
CLTR0588-001,3.0,중국정치이야기,교양,"화 2B,3A,3B
목 1A,1B,2A",사회과학대학,이정태,"1,3,1,1,3,1,3,0,3,2,0,3,3,1,3,3","화 10.5, 11.0, 11.5
목 9.0, 9.5, 10.0","['화 10.5', '화 11.0', '화 11.5', '목 9.0', '목 9.5', '목 10.0']"
CLTR0069-001,3.0,인간과성,교양,"월 1A,1B,2A
수 2B,3A,3B",사회과학대학,최경화,"1,2,3,2,2,1,1,2,3,1,3,1,0,2,0,3","월 9.0, 9.5, 10.0
수 10.5, 11.0, 11.5","['월 9.0', '월 9.5', '월 10.0', '수 10.5', '수 11.0', '수 11.5']"
CLTR0082-001,3.0,매스컴과 사회,교양,"화 5B,6A,6B
목 5B,6A,6B",사회과학대학,이강형,"1,1,0,0,0,2,2,0,3,3,3,0,0,3,3,2","화 13.5, 14.0, 14.5
목 13.5, 14.0, 14.5","['화 13.5', '화 14.0', '화 14.5', '목 13.5', '목 14.0', '목 14.5']"
CLTR0190-001,3.0,젠더와 사회,교양,"화 5B,6A,6B
목 5B,6A,6B",사회과학대학,최경화,"1,1,0,3,3,3,0,3,0,0,2,3,2,1,1,0","화 13.5, 14.0, 14.5
목 13.5, 14.0, 14.5","['화 13.5', '화 14.0', '화 14.5', '목 13.5', '목 14.0', '목 14.5']"
CLTR0205-003,3.0,대학글쓰기,교양,"수 8B,9A,9B
금 8B,9A,9B",사회과학대학,김경미,"0,3,0,1,3,0,0,1,2,3,1,2,1,3,1,3","수 16.5, 17.0, 17.5
금 16.5, 17.0, 17.5","['수 16.5', '수 17.0', '수 17.5', '금 16.5', '금 17.0', '금 17.5']"
CLTR0271-001,3.0,독서로 세상보기,교양,"월 2B,3A,3B
금 1A,1B,2A",사회과학대학,박경,"3,1,0,0,1,0,0,1,3,1,1,2,1,0,0,1","월 10.5, 11.0, 11.5
금 9.0, 9.5, 10.0","['월 10.5', '월 11.0', '월 11.5', '금 9.0', '금 9.5', '금 10.0']"
CLTR0373-001,3.0,빅데이터 기초 실습,교양,"수 1A,1B
수 2A,2B
수 3A,3B
수 4A,4B",사회과학대학,조현숙,"1,0,2,3,2,3,3,2,0,2,3,2,0,3,2,1","수 9.0, 9.5
수 10.0, 10.5
수 11.0, 11.5
수 12.0, 12.5","['수 9.0', '수 9.5', '수 10.0', '수 10.5', '수 11.0', '수 11.5', '수 12.0', '수 12.5']"
CLTR0594-001,3.0,문화와 일상,교양,"화 8B,9A,9B
화 10A,10B,11A",사회과학대학,천선영,"0,0,3,2,1,0,2,2,3,3,2,1,0,1,2,1","화 16.5, 17.0, 17.5
화 18.0, 18.5, 19.0","['화 16.5', '화 17.0', '화 17.5', '화 18.0', '화 18.5', '화 19.0']"
CLTR0682-001,3.0,대중음악과 사회,교양,"월 5B,6A,6B
금 5B,6A,6B",사회과학대학,정은경,"2,2,1,3,0,2,1,1,2,1,0,2,1,1,2,2","월 13.5, 14.0, 14.5
금 13.5, 14.0, 14.5","['월 13.5', '월 14.0', '월 14.5', '금 13.5', '금 14.0', '금 14.5']"
CLTR0815-003,3.0,인문사회 기초통계,교양,"화 8B,9A,9B
목 8B,9A,9B",사회과학대학,석혜은,"1,2,0,3,3,2,0,1,2,0,1,3,1,3,3,3","화 16.5, 17.0, 17.5
목 16.5, 17.0, 17.5","['화 16.5', '화 17.0', '화 17.5', '목 16.5', '목 17.0', '목 17.5']"
CLTR0840-001,3.0,사회학적 상상력과 현대 사회,교양,"화 5B,6A,6B
목 5B,6A,6B",사회과학대학,이상직,"0,2,3,1,3,1,1,2,0,2,0,1,1,2,2,1","화 13.5, 14.0, 14.5
목 13.5, 14.0, 14.5","['화 13.5', '화 14.0', '화 14.5', '목 13.5', '목 14.0', '목 14.5']"
CLTR0840-002,3.0,사회학적 상상력과 현대 사회,교양,"월 7A,7B,8A
금 7A,7B,8A",사회과학대학,정은경,"3,2,1,0,2,3,0,0,3,2,2,3,2,3,2,2","월 15.0, 15.5, 16.0
금 15.0, 15.5, 16.0","['월 15.0', '월 15.5', '월 16.0', '금 15.0', '금 15.5', '금 16.0']"
CLTR0045-001,3.0,논리와 비판적 사고,교양,"화 7A,7B,8A
목 7A,7B,8A",사회과학대학,조영준,"0,3,1,3,2,0,0,2,0,0,1,1,0,2,2,2","화 15.0, 15.5, 16.0
목 15.0, 15.5, 16.0","['화 15.0', '화 15.5', '화 16.0', '목 15.0', '목 15.5', '목 16.0']"
CLTR0073-001,3.0,현대사회와 윤리,교양,"수 8B,9A,9B
금 8B,9A,9B",사회과학대학,김경수,"0,2,3,0,3,3,1,2,1,2,0,0,3,2,1,1","수 16.5, 17.0, 17.5
금 16.5, 17.0, 17.5","['수 16.5', '수 17.0', '수 17.5', '금 16.5', '금 17.0', '금 17.5']"
CLTR0101-005,3.0,인간과자연,교양,"화 2B,3A,3B
목 1A,1B,2A",사회과학대학,최재우,"2,0,2,2,1,2,3,2,2,0,2,2,1,1,1,2","화 10.5, 11.0, 11.5
목 9.0, 9.5, 10.0","['화 10.5', '화 11.0', '화 11.5', '목 9.0', '목 9.5', '목 10.0']"
CLTR0205-004,3.0,대학글쓰기,교양,"화 5B,6A,6B
목 5B,6A,6B",사회과학대학,김도경,"1,3,1,2,2,3,0,2,0,1,2,2,2,0,0,0","화 13.5, 14.0, 14.5
목 13.5, 14.0, 14.5","['화 13.5', '화 14.0', '화 14.5', '목 13.5', '목 14.0', '목 14.5']"
CLTR0531-001,3.0,현대지리학의 이해,교양,"월 8B,9A,9B
수 7A,7B,8A",사회과학대학,전병운,"3,0,2,3,1,2,2,3,2,2,1,1,3,1,3,3","월 16.5, 17.0, 17.5
수 15.0, 15.5, 16.0","['월 16.5', '월 17.0', '월 17.5', '수 15.0', '수 15.5', '수 16.0']"
CLTR0531-002,3.0,현대지리학의 이해,교양,"월 2B,3A,3B
금 1A,1B,2A",사회과학대학,유하나,"3,2,0,2,1,1,1,1,2,2,1,3,2,3,3,2","월 10.5, 11.0, 11.5
금 9.0, 9.5, 10.0","['월 10.5', '월 11.0', '월 11.5', '금 9.0', '금 9.5', '금 10.0']"
CLTR0103-001,3.0,과학사의이해,교양,"월 1A,1B,2A
수 2B,3A,3B",사회과학대학,오동원,"2,1,1,2,2,3,0,2,0,0,3,0,0,2,2,1","월 9.0, 9.5, 10.0
수 10.5, 11.0, 11.5","['월 9.0', '월 9.5', '월 10.0', '수 10.5', '수 11.0', '수 11.5']"
CLTR0811-003,3.0,인문사회 코딩기초,교양,"월 6A,6B
월 7A,7B
월 8A,8B
월 9A,9B",사회과학대학,송무희,"3,1,3,2,2,1,2,0,2,2,3,0,2,0,2,0","월 14.0, 14.5
월 15.0, 15.5
월 16.0, 16.5
월 17.0, 17.5","['월 14.0', '월 14.5', '월 15.0', '월 15.5', '월 16.0', '월 16.5', '월 17.0', '월 17.5']"
CLTR0815-004,3.0,인문사회 기초통계,교양,"화 1A,1B,2A
목 2B,3A,3B",사회과학대학,석혜은,"0,0,3,2,2,0,3,3,1,1,3,2,0,1,1,3","화 9.0, 9.5, 10.0
목 10.5, 11.0, 11.5","['화 9.0', '화 9.5', '화 10.0', '목 10.5', '목 11.0', '목 11.5']"
CLTR0045-002,3.0,논리와 비판적 사고,교양,"월 2B,3A,3B
금 1A,1B,2A",사회과학대학,배다빈,"2,0,2,0,0,1,3,2,1,3,2,0,1,3,0,1","월 10.5, 11.0, 11.5
금 9.0, 9.5, 10.0","['월 10.5', '월 11.0', '월 11.5', '금 9.0', '금 9.5', '금 10.0']"
CLTR0078-001,3.0,심리학의이해,교양,"월 2B,3A,3B
월 4A,4B,5A",사회과학대학,김지호,"3,1,2,3,3,2,3,0,3,2,1,1,3,2,1,1","월 10.5, 11.0, 11.5
월 12.0, 12.5, 13.0","['월 10.5', '월 11.0', '월 11.5', '월 12.0', '월 12.5', '월 13.0']"
CLTR0205-005,3.0,대학글쓰기,교양,"월 1A,1B,2A
수 2B,3A,3B",사회과학대학,유신지,"0,2,2,1,2,2,1,2,1,1,3,3,0,0,2,2","월 9.0, 9.5, 10.0
수 10.5, 11.0, 11.5","['월 9.0', '월 9.5', '월 10.0', '수 10.5', '수 11.0', '수 11.5']"
CLTR0508-003,3.0,인간과 언어,교양,"화 1A,1B,2A
목 2B,3A,3B",사회과학대학,길윤미,"2,3,2,2,3,1,2,3,3,0,1,0,0,0,1,2","화 9.0, 9.5, 10.0
목 10.5, 11.0, 11.5","['화 9.0', '화 9.5', '화 10.0', '목 10.5', '목 11.0', '목 11.5']"
CLTR0816-002,3.0,인문사회 기초생명과학,교양,"수 8B,9A,9B
금 8B,9A,9B",사회과학대학,김진길,"3,1,2,3,3,2,3,3,0,3,3,2,0,0,1,2","수 16.5, 17.0, 17.5
금 16.5, 17.0, 17.5","['수 16.5', '수 17.0', '수 17.5', '금 16.5', '금 17.0', '금 17.5']"
CLTR0058-001,3.0,자원봉사활동,교양,"수 5A,5B
수 6A,6B
토 5A,5B
토 6A,6B",사회과학대학,이경은,"0,3,1,2,3,0,0,2,1,0,2,0,1,3,2,3","수 13.0, 13.5
수 14.0, 14.5
토 13.0, 13.5
토 14.0, 14.5","['수 13.0', '수 13.5', '수 14.0', '수 14.5', '토 13.0', '토 13.5', '토 14.0', '토 14.5']"
CLTR0058-002,3.0,자원봉사활동,교양,"월 5A,5B
월 6A,6B
토 5A,5B
토 6A,6B",사회과학대학,김유진,"0,1,2,1,3,0,0,1,3,1,1,0,1,1,2,1","월 13.0, 13.5
월 14.0, 14.5
토 13.0, 13.5
토 14.0, 14.5","['월 13.0', '월 13.5', '월 14.0', '월 14.5', '토 13.0', '토 13.5', '토 14.0', '토 14.5']"
CLTR0107-001,3.0,자연과환경,교양,"화 8B,9A,9B
목 8B,9A,9B",사회과학대학,정맹준,"3,1,1,1,1,0,0,2,0,3,2,2,1,0,1,0","화 16.5, 17.0, 17.5
목 16.5, 17.0, 17.5","['화 16.5', '화 17.0', '화 17.5', '목 16.5', '목 17.0', '목 17.5']"
CLTR0210-008,3.0,명저읽기와 토론,교양,"월 8B,9A,9B
수 7A,7B,8A",사회과학대학,신창환,"1,0,0,1,3,2,2,1,3,3,3,0,2,1,3,0","월 16.5, 17.0, 17.5
수 15.0, 15.5, 16.0","['월 16.5', '월 17.0', '월 17.5', '수 15.0', '수 15.5', '수 16.0']"
CLTR0210-009,3.0,명저읽기와 토론,교양,"월 8B,9A,9B
수 7A,7B,8A",사회과학대학,김유진,"1,0,0,2,3,2,1,1,3,1,1,0,1,3,2,1","월 16.5, 17.0, 17.5
수 15.0, 15.5, 16.0","['월 16.5', '월 17.0', '월 17.5', '수 15.0', '수 15.5', '수 16.0']"
CLTR0518-002,3.0,아름다움이란 무엇인가,교양,"화 1A,1B,2A
목 2B,3A,3B",사회과학대학,박미정,"0,0,2,2,0,1,1,3,0,2,2,1,0,1,3,1","화 9.0, 9.5, 10.0
목 10.5, 11.0, 11.5","['화 9.0', '화 9.5', '화 10.0', '목 10.5', '목 11.0', '목 11.5']"
CLTR0815-005,3.0,인문사회 기초통계,교양,"월 5B,6A,6B
금 5B,6A,6B",사회과학대학,윤규원,"1,1,3,2,3,2,3,3,1,0,3,1,0,2,3,2","월 13.5, 14.0, 14.5
금 13.5, 14.0, 14.5","['월 13.5', '월 14.0', '월 14.5', '금 13.5', '금 14.0', '금 14.5']"
CLTR0857-001,3.0,인류의 지속가능한 성장은 가능한가? : SDGs의 이해와 실천,교양,"금 5B,6A,6B
금 7A,7B,8A",사회과학대학,신창환,"3,1,2,1,2,1,3,3,1,0,1,1,2,1,0,3","금 13.5, 14.0, 14.5
금 15.0, 15.5, 16.0","['금 13.5', '금 14.0', '금 14.5', '금 15.0', '금 15.5', '금 16.0']"
CLTR0082-002,3.0,매스컴과 사회,교양,"수 1A,1B,2A
금 2B,3A,3B",사회과학대학,조철래,"3,0,2,3,1,3,0,0,2,1,3,0,2,0,0,0","수 9.0, 9.5, 10.0
금 10.5, 11.0, 11.5","['수 9.0', '수 9.5', '수 10.0', '금 10.5', '금 11.0', '금 11.5']"
CLTR0101-006,3.0,인간과자연,교양,"화 8B,9A,9B
목 8B,9A,9B",사회과학대학,정무열,"3,1,2,0,2,0,2,3,3,3,0,2,3,3,2,3","화 16.5, 17.0, 17.5
목 16.5, 17.0, 17.5","['화 16.5', '화 17.0', '화 17.5', '목 16.5', '목 17.0', '목 17.5']"
CLTR0205-006,3.0,대학글쓰기,교양,"수 8B,9A,9B
금 8B,9A,9B",사회과학대학,김상모,"0,0,3,3,1,3,2,3,3,0,1,3,3,0,1,0","수 16.5, 17.0, 17.5
금 16.5, 17.0, 17.5","['수 16.5', '수 17.0', '수 17.5', '금 16.5', '금 17.0', '금 17.5']"
CLTR0515-001,3.0,과학기술과 윤리,교양,"화 7A,7B,8A
목 7A,7B,8A",사회과학대학,박대원,"0,0,2,1,2,0,3,0,3,3,2,1,1,2,0,3","화 15.0, 15.5, 16.0
목 15.0, 15.5, 16.0","['화 15.0', '화 15.5', '화 16.0', '목 15.0', '목 15.5', '목 16.0']"
CLTR0815-006,3.0,인문사회 기초통계,교양,"월 5B,6A,6B
금 5B,6A,6B",사회과학대학,오지은,"3,3,3,3,3,3,2,3,0,3,1,0,3,3,0,0","월 13.5, 14.0, 14.5
금 13.5, 14.0, 14.5","['월 13.5', '월 14.0', '월 14.5', '금 13.5', '금 14.0', '금 14.5']"
CLTR0034-002,3.0,영어 I,교양,"월 1A,1B,2A
수 2B,3A,3B",사회과학대학,,"1,0,1,0,1,0,0,1,1,1,1,2,3,0,2,3","월 9.0, 9.5, 10.0
수 10.5, 11.0, 11.5","['월 9.0', '월 9.5', '월 10.0', '수 10.5', '수 11.0', '수 11.5']"
CLTR0205-007,3.0,대학글쓰기,교양,"화 2B,3A,3B
목 1A,1B,2A",사회과학대학,박은하,"1,3,0,2,2,0,0,0,3,1,0,3,3,1,1,2","화 10.5, 11.0, 11.5
목 9.0, 9.5, 10.0","['화 10.5', '화 11.0', '화 11.5', '목 9.0', '목 9.5', '목 10.0']"
FUTR0245-001,2.0,전공탐색(사회과학대학 자율학부),일반선택,"금 3A,3B
금 4A,4B",사회과학대학,강우진,"2,2,0,2,2,3,0,1,1,3,2,0,3,2,1,3","금 11.0, 11.5
금 12.0, 12.5","['금 11.0', '금 11.5', '금 12.0', '금 12.5']"
CLTR0041-005,3.0,한국사,교양,"화 8B,9A,9B
목 8B,9A,9B",경상대학,권은나,"1,1,2,3,0,1,0,2,3,1,1,3,2,2,1,1","화 16.5, 17.0, 17.5
목 16.5, 17.0, 17.5","['화 16.5', '화 17.0', '화 17.5', '목 16.5', '목 17.0', '목 17.5']"
CLTR0041-006,3.0,한국사,교양,"화 8B,9A,9B
목 8B,9A,9B",경상대학,김진한,"1,0,3,2,1,2,0,1,3,0,2,2,2,2,0,0","화 16.5, 17.0, 17.5
목 16.5, 17.0, 17.5","['화 16.5', '화 17.0', '화 17.5', '목 16.5', '목 17.0', '목 17.5']"
CLTR0103-002,3.0,과학사의이해,교양,"수 1A,1B,2A
금 2B,3A,3B",경상대학,채권석,"1,2,2,3,1,1,0,2,0,0,1,3,0,2,3,2","수 9.0, 9.5, 10.0
금 10.5, 11.0, 11.5","['수 9.0', '수 9.5', '수 10.0', '금 10.5', '금 11.0', '금 11.5']"
CLTR0103-003,3.0,과학사의이해,교양,"수 1A,1B,2A
금 2B,3A,3B",경상대학,오동원,"0,1,2,1,3,1,0,0,1,2,0,0,1,2,3,1","수 9.0, 9.5, 10.0
금 10.5, 11.0, 11.5","['수 9.0', '수 9.5', '수 10.0', '금 10.5', '금 11.0', '금 11.5']"
CLTR0205-014,3.0,대학글쓰기,교양,"월 2B,3A,3B
금 1A,1B,2A",경상대학,이원동,"1,0,2,3,2,0,1,3,2,0,2,3,3,2,1,3","월 10.5, 11.0, 11.5
금 9.0, 9.5, 10.0","['월 10.5', '월 11.0', '월 11.5', '금 9.0', '금 9.5', '금 10.0']"
CLTR0205-015,3.0,대학글쓰기,교양,"월 2B,3A,3B
금 1A,1B,2A",경상대학,배선윤,"0,2,0,3,1,0,0,1,3,1,0,2,3,2,0,0","월 10.5, 11.0, 11.5
금 9.0, 9.5, 10.0","['월 10.5', '월 11.0', '월 11.5', '금 9.0', '금 9.5', '금 10.0']"
CLTR0205-016,3.0,대학글쓰기,교양,"월 2B,3A,3B
금 1A,1B,2A",경상대학,권현주,"2,1,2,0,3,3,0,3,2,0,1,1,2,1,2,0","월 10.5, 11.0, 11.5
금 9.0, 9.5, 10.0","['월 10.5', '월 11.0', '월 11.5', '금 9.0', '금 9.5', '금 10.0']"
CLTR0205-017,3.0,대학글쓰기,교양,"월 2B,3A,3B
금 1A,1B,2A",경상대학,박소은,"3,3,0,2,1,2,0,0,3,1,0,0,2,0,1,3","월 10.5, 11.0, 11.5
금 9.0, 9.5, 10.0","['월 10.5', '월 11.0', '월 11.5', '금 9.0', '금 9.5', '금 10.0']"
CLTR0242-002,3.0,인문사회수학,교양,"화 7A,7B,8A
목 7A,7B,8A",경상대학,이인숙,"0,1,0,3,3,2,3,0,2,0,3,3,1,1,1,3","화 15.0, 15.5, 16.0
목 15.0, 15.5, 16.0","['화 15.0', '화 15.5', '화 16.0', '목 15.0', '목 15.5', '목 16.0']"
CLTR0242-003,3.0,인문사회수학,교양,"화 7A,7B,8A
목 7A,7B,8A",경상대학,서명수,"0,0,0,3,2,3,1,0,3,2,0,3,2,3,0,1","화 15.0, 15.5, 16.0
목 15.0, 15.5, 16.0","['화 15.0', '화 15.5', '화 16.0', '목 15.0', '목 15.5', '목 16.0']"
CLTR0860-001,3.0,글로벌 통상의 이해,교양,"화 2B,3A,3B
목 1A,1B,2A",경상대학,황석준,"1,3,3,0,0,3,0,0,1,2,1,2,3,0,1,2","화 10.5, 11.0, 11.5
목 9.0, 9.5, 10.0","['화 10.5', '화 11.0', '화 11.5', '목 9.0', '목 9.5', '목 10.0']"
CLTR0045-004,3.0,논리와 비판적 사고,교양,"화 5B,6A,6B
목 5B,6A,6B",경상대학,오신택,"1,3,0,2,2,3,0,1,1,3,2,3,3,2,3,3","화 13.5, 14.0, 14.5
목 13.5, 14.0, 14.5","['화 13.5', '화 14.0', '화 14.5', '목 13.5', '목 14.0', '목 14.5']"
CLTR0045-005,3.0,논리와 비판적 사고,교양,"화 5B,6A,6B
목 5B,6A,6B",경상대학,이은정,"0,2,1,0,2,3,2,1,1,3,0,0,0,1,3,0","화 13.5, 14.0, 14.5
목 13.5, 14.0, 14.5","['화 13.5', '화 14.0', '화 14.5', '목 13.5', '목 14.0', '목 14.5']"
CLTR0045-006,3.0,논리와 비판적 사고,교양,"화 8B,9A,9B
목 8B,9A,9B",경상대학,주혜연,"2,2,1,0,3,0,2,2,2,2,3,3,2,0,2,1","화 16.5, 17.0, 17.5
목 16.5, 17.0, 17.5","['화 16.5', '화 17.0', '화 17.5', '목 16.5', '목 17.0', '목 17.5']"
CLTR0083-002,3.0,경제의이해,교양,"수 1A,1B,2A
금 2B,3A,3B",경상대학,김종달,"0,1,2,2,1,3,2,0,0,3,3,1,3,0,3,1","수 9.0, 9.5, 10.0
금 10.5, 11.0, 11.5","['수 9.0', '수 9.5', '수 10.0', '금 10.5', '금 11.0', '금 11.5']"
CLTR0083-003,3.0,경제의이해,교양,"수 1A,1B,2A
금 2B,3A,3B",경상대학,김영용,"2,2,0,1,1,1,0,2,3,1,3,1,1,2,3,3","수 9.0, 9.5, 10.0
금 10.5, 11.0, 11.5","['수 9.0', '수 9.5', '수 10.0', '금 10.5', '금 11.0', '금 11.5']"
CLTR0083-004,3.0,경제의이해,교양,"수 1A,1B,2A
금 2B,3A,3B",경상대학,이근기,"2,0,3,0,2,1,3,2,0,0,3,0,3,1,1,1","수 9.0, 9.5, 10.0
금 10.5, 11.0, 11.5","['수 9.0', '수 9.5', '수 10.0', '금 10.5', '금 11.0', '금 11.5']"
CLTR0085-001,3.0,경영의이해,교양,"화 1A,1B,2A
목 2B,3A,3B",경상대학,서창교,"1,2,1,2,3,0,2,3,0,2,0,3,0,3,2,1","화 9.0, 9.5, 10.0
목 10.5, 11.0, 11.5","['화 9.0', '화 9.5', '화 10.0', '목 10.5', '목 11.0', '목 11.5']"
CLTR0085-002,3.0,경영의이해,교양,"화 7A,7B,8A
목 7A,7B,8A",경상대학,서창교,"3,1,1,0,3,0,3,2,2,1,3,2,3,0,0,1","화 15.0, 15.5, 16.0
목 15.0, 15.5, 16.0","['화 15.0', '화 15.5', '화 16.0', '목 15.0', '목 15.5', '목 16.0']"
CLTR0085-003,3.0,경영의이해,교양,"화 7A,7B,8A
목 7A,7B,8A",경상대학,김우현,"1,0,3,2,2,1,2,0,2,0,0,0,2,1,0,3","화 15.0, 15.5, 16.0
목 15.0, 15.5, 16.0","['화 15.0', '화 15.5', '화 16.0', '목 15.0', '목 15.5', '목 16.0']"
CLTR0089-001,3.0,회계와사회생활,교양,"월 8B,9A,9B
수 7A,7B,8A",경상대학,권순창,"3,1,3,1,2,1,2,1,0,2,3,3,0,2,2,3","월 16.5, 17.0, 17.5
수 15.0, 15.5, 16.0","['월 16.5', '월 17.0', '월 17.5', '수 15.0', '수 15.5', '수 16.0']"
CLTR0089-002,3.0,회계와사회생활,교양,"화 8B,9A,9B
목 8B,9A,9B",경상대학,박선영,"0,0,3,1,2,2,2,2,3,3,3,0,0,1,0,3","화 16.5, 17.0, 17.5
목 16.5, 17.0, 17.5","['화 16.5', '화 17.0', '화 17.5', '목 16.5', '목 17.0', '목 17.5']"
CLTR0089-003,3.0,회계와사회생활,교양,"월 8B,9A,9B
수 7A,7B,8A",경상대학,이승재,"2,0,3,3,3,1,2,1,0,0,2,1,1,2,3,1","월 16.5, 17.0, 17.5
수 15.0, 15.5, 16.0","['월 16.5', '월 17.0', '월 17.5', '수 15.0', '수 15.5', '수 16.0']"
CLTR0847-001,3.0,ESG와 발명,교양,"월 1A,1B,2A
수 2B,3A,3B",경상대학,정경철,"1,0,0,3,1,1,2,3,1,0,1,3,0,3,1,2","월 9.0, 9.5, 10.0
수 10.5, 11.0, 11.5","['월 9.0', '월 9.5', '월 10.0', '수 10.5', '수 11.0', '수 11.5']"
FUTR0202-001,3.0,청년의삶과꿈,일반선택,"수 7A,7B
수 8A,8B
수 9A,9B",경상대학,이순희,"3,1,2,0,1,2,0,1,3,1,0,1,0,3,0,3","수 15.0, 15.5
수 16.0, 16.5
수 17.0, 17.5","['수 15.0', '수 15.5', '수 16.0', '수 16.5', '수 17.0', '수 17.5']"
CLTR0041-007,3.0,한국사,교양,"화 8B,9A,9B
목 8B,9A,9B",경상대학,박보영,"2,0,3,1,2,3,3,2,3,3,2,1,0,2,0,3","화 16.5, 17.0, 17.5
목 16.5, 17.0, 17.5","['화 16.5', '화 17.0', '화 17.5', '목 16.5', '목 17.0', '목 17.5']"
CLTR0195-002,3.0,C/C++프로그래밍기초,교양,"월 5A,5B
월 6A,6B
월 7A,7B
월 8A,8B",공과대학,하숙정,"2,1,1,0,2,2,2,1,3,3,0,1,0,2,0,3","월 13.0, 13.5
월 14.0, 14.5
월 15.0, 15.5
월 16.0, 16.5","['월 13.0', '월 13.5', '월 14.0', '월 14.5', '월 15.0', '월 15.5', '월 16.0', '월 16.5']"
CLTR0195-003,3.0,C/C++프로그래밍기초,교양,"월 5A,5B
월 6A,6B
월 7A,7B
월 8A,8B",공과대학,박보석,"3,0,0,2,1,0,2,2,1,2,2,0,1,0,1,2","월 13.0, 13.5
월 14.0, 14.5
월 15.0, 15.5
월 16.0, 16.5","['월 13.0', '월 13.5', '월 14.0', '월 14.5', '월 15.0', '월 15.5', '월 16.0', '월 16.5']"
CLTR0195-004,3.0,C/C++프로그래밍기초,교양,"월 5A,5B
월 6A,6B
월 7A,7B
월 8A,8B",공과대학,이정아,"0,3,1,2,2,2,3,1,1,1,2,0,0,1,0,2","월 13.0, 13.5
월 14.0, 14.5
월 15.0, 15.5
월 16.0, 16.5","['월 13.0', '월 13.5', '월 14.0', '월 14.5', '월 15.0', '월 15.5', '월 16.0', '월 16.5']"
CLTR0211-009,3.0,수학 I,교양,"화 5B,6A,6B
목 5B,6A,6B",공과대학,류선미,"2,1,0,2,0,3,2,3,3,2,3,2,3,1,3,3","화 13.5, 14.0, 14.5
목 13.5, 14.0, 14.5","['화 13.5', '화 14.0', '화 14.5', '목 13.5', '목 14.0', '목 14.5']"
CLTR0211-010,3.0,수학 I,교양,"화 5B,6A,6B
목 5B,6A,6B",공과대학,양해영,"3,0,0,2,1,2,1,0,3,0,0,2,2,1,1,3","화 13.5, 14.0, 14.5
목 13.5, 14.0, 14.5","['화 13.5', '화 14.0', '화 14.5', '목 13.5', '목 14.0', '목 14.5']"
CLTR0213-006,3.0,물리학 I,교양,"수 1A,1B,2A
금 2B,3A,3B",공과대학,우경성,"3,0,0,2,3,3,3,0,2,2,1,2,0,3,3,1","수 9.0, 9.5, 10.0
금 10.5, 11.0, 11.5","['수 9.0', '수 9.5', '수 10.0', '금 10.5', '금 11.0', '금 11.5']"
CLTR0213-007,3.0,물리학 I,교양,"수 1A,1B,2A
금 2B,3A,3B",공과대학,박종구,"3,2,1,0,1,3,1,3,3,2,1,2,0,0,1,3","수 9.0, 9.5, 10.0
금 10.5, 11.0, 11.5","['수 9.0', '수 9.5', '수 10.0', '금 10.5', '금 11.0', '금 11.5']"
CLTR0223-005,1.0,물리학실험 I,교양,"금 5A,5B
금 6A,6B",공과대학,김홍탁,"2,3,2,0,2,0,1,0,2,3,0,1,3,1,0,2","금 13.0, 13.5
금 14.0, 14.5","['금 13.0', '금 13.5', '금 14.0', '금 14.5']"
CLTR0223-006,1.0,물리학실험 I,교양,"금 5A,5B
금 6A,6B",공과대학,양기원,"0,3,0,2,0,0,2,1,2,2,0,3,3,1,1,1","금 13.0, 13.5
금 14.0, 14.5","['금 13.0', '금 13.5', '금 14.0', '금 14.5']"
CLTR0223-008,1.0,물리학실험 I,교양,"수 3A,3B
수 4A,4B",공과대학,김찬,"0,1,1,3,2,2,3,2,1,1,2,1,3,0,0,3","수 11.0, 11.5
수 12.0, 12.5","['수 11.0', '수 11.5', '수 12.0', '수 12.5']"
CLTR0223-010,1.0,물리학실험 I,교양,"수 3A,3B
수 4A,4B",공과대학,김도형,"3,0,2,2,3,2,3,1,0,3,3,3,1,0,1,0","수 11.0, 11.5
수 12.0, 12.5","['수 11.0', '수 11.5', '수 12.0', '수 12.5']"
CLTR0411-001,2.0,실용영어1,교양,"화 3A,3B
목 1A,1B",공과대학,"쿡,콜린 제임스","0,0,3,2,3,0,1,3,1,2,3,1,2,1,2,0","화 11.0, 11.5
목 9.0, 9.5","['화 11.0', '화 11.5', '목 9.0', '목 9.5']"
CLTR0411-002,2.0,실용영어1,교양,"화 3A,3B
목 1A,1B",공과대학,"하이랜드,크리스","3,2,0,3,2,3,3,0,3,1,3,1,0,2,0,2","화 11.0, 11.5
목 9.0, 9.5","['화 11.0', '화 11.5', '목 9.0', '목 9.5']"
CLTR0411-003,2.0,실용영어1,교양,"화 3A,3B
목 1A,1B",공과대학,"빌즈, 그라함 해롤드","2,1,2,2,2,3,3,1,2,3,1,1,1,3,1,3","화 11.0, 11.5
목 9.0, 9.5","['화 11.0', '화 11.5', '목 9.0', '목 9.5']"
CLTR0411-004,2.0,실용영어1,교양,"화 3A,3B
목 1A,1B",공과대학,바이스 조슈아 대일,"2,2,3,2,3,2,0,2,0,0,2,2,1,1,1,2","화 11.0, 11.5
목 9.0, 9.5","['화 11.0', '화 11.5', '목 9.0', '목 9.5']"
CLTR0411-005,2.0,실용영어1,교양,"화 3A,3B
목 1A,1B",공과대학,"위드로우, 애덤 크리스토퍼","2,1,1,1,1,3,1,1,0,2,2,2,1,0,0,3","화 11.0, 11.5
목 9.0, 9.5","['화 11.0', '화 11.5', '목 9.0', '목 9.5']"
CLTR0411-006,2.0,실용영어1,교양,"화 3A,3B
목 1A,1B",공과대학,워커 퀸,"0,1,3,2,3,1,2,3,2,1,1,1,1,0,1,1","화 11.0, 11.5
목 9.0, 9.5","['화 11.0', '화 11.5', '목 9.0', '목 9.5']"
CLTR0411-007,2.0,실용영어1,교양,"화 3A,3B
목 1A,1B",공과대학,"피어슨, 브랜든","0,1,2,3,2,0,1,0,2,1,2,0,1,0,0,1","화 11.0, 11.5
목 9.0, 9.5","['화 11.0', '화 11.5', '목 9.0', '목 9.5']"
CLTR0822-002,3.0,화학입문,교양,"화 1A,1B,2A
목 2B,3A,3B",공과대학,이규의,"0,1,1,3,1,2,1,1,1,0,0,2,1,1,2,0","화 9.0, 9.5, 10.0
목 10.5, 11.0, 11.5","['화 9.0', '화 9.5', '화 10.0', '목 10.5', '목 11.0', '목 11.5']"
CLTR0822-003,3.0,화학입문,교양,"화 1A,1B,2A
목 2B,3A,3B",공과대학,조형화,"0,0,1,2,0,1,1,3,3,0,2,3,0,3,0,0","화 9.0, 9.5, 10.0
목 10.5, 11.0, 11.5","['화 9.0', '화 9.5', '화 10.0', '목 10.5', '목 11.0', '목 11.5']"
TCHR0440-001,3.0,공업 논리 및 논술지도,교직,"화 10A,10B
화 11A,11B
화 12A,12B",공과대학,이용주,"1,3,0,0,0,3,1,1,0,0,2,0,0,3,3,1","화 18.0, 18.5
화 19.0","['화 18.0', '화 18.5', '화 19.0']"
CLTR0210-014,3.0,명저읽기와 토론,교양,"월 2B,3A,3B
수 1A,1B,2A",공과대학,문준식,"1,0,1,1,3,1,0,3,1,1,1,1,2,1,3,0","월 10.5, 11.0, 11.5
수 9.0, 9.5, 10.0","['월 10.5', '월 11.0', '월 11.5', '수 9.0', '수 9.5', '수 10.0']"
CLTR0210-015,3.0,명저읽기와 토론,교양,"월 2B,3A,3B
수 1A,1B,2A",공과대학,서건원,"0,2,3,2,2,0,0,3,1,1,2,2,1,2,3,2","월 10.5, 11.0, 11.5
수 9.0, 9.5, 10.0","['월 10.5', '월 11.0', '월 11.5', '수 9.0', '수 9.5', '수 10.0']"
CLTR0211-015,3.0,수학 I,교양,"화 2B,3A,3B
목 1A,1B,2A",공과대학,류선미,"2,3,0,3,3,3,0,3,2,1,1,0,3,3,2,0","화 10.5, 11.0, 11.5
목 9.0, 9.5, 10.0","['화 10.5', '화 11.0', '화 11.5', '목 9.0', '목 9.5', '목 10.0']"
CLTR0213-013,3.0,물리학 I,교양,"화 1A,1B,2A
목 2B,3A,3B",공과대학,김도형,"0,2,3,0,3,1,3,0,1,2,3,0,3,3,2,3","화 9.0, 9.5, 10.0
목 10.5, 11.0, 11.5","['화 9.0', '화 9.5', '화 10.0', '목 10.5', '목 11.0', '목 11.5']"
CLTR0223-011,1.0,물리학실험 I,교양,"수 7A,7B
수 8A,8B",공과대학,김찬,"1,1,3,0,1,2,3,3,3,0,3,0,1,3,1,0","수 15.0, 15.5
수 16.0, 16.5","['수 15.0', '수 15.5', '수 16.0', '수 16.5']"
CLTR0223-012,1.0,물리학실험 I,교양,"수 7A,7B
수 8A,8B",공과대학,김신형,"1,1,1,3,1,1,3,1,3,1,0,2,3,1,0,0","수 15.0, 15.5
수 16.0, 16.5","['수 15.0', '수 15.5', '수 16.0', '수 16.5']"
CLTR0223-013,1.0,물리학실험 I,교양,"수 7A,7B
수 8A,8B",공과대학,파나요티스 베네타토스,"3,2,2,0,0,1,1,3,2,0,1,0,2,3,1,2","수 15.0, 15.5
수 16.0, 16.5","['수 15.0', '수 15.5', '수 16.0', '수 16.5']"
CLTR0411-018,2.0,실용영어1,교양,"월 5A,5B
수 5A,5B",공과대학,워커 퀸,"2,2,2,1,0,1,1,3,2,2,0,3,1,0,2,3","월 13.0, 13.5
수 13.0, 13.5","['월 13.0', '월 13.5', '수 13.0', '수 13.5']"
CLTR0411-019,2.0,실용영어1,교양,"월 5A,5B
수 5A,5B",공과대학,"피어슨, 브랜든","3,3,2,0,2,0,3,0,2,1,3,2,3,2,2,0","월 13.0, 13.5
수 13.0, 13.5","['월 13.0', '월 13.5', '수 13.0', '수 13.5']"
CLTR0411-020,2.0,실용영어1,교양,"월 5A,5B
수 5A,5B",공과대학,"빌즈, 그라함 해롤드","1,2,3,2,0,0,1,1,2,3,0,0,2,2,0,1","월 13.0, 13.5
수 13.0, 13.5","['월 13.0', '월 13.5', '수 13.0', '수 13.5']"
CLTR0205-019,3.0,대학글쓰기,교양,"월 5B,6A,6B
금 5B,6A,6B",공과대학,서정현,"3,1,3,1,2,0,3,1,3,0,2,0,3,3,3,3","월 13.5, 14.0, 14.5
금 13.5, 14.0, 14.5","['월 13.5', '월 14.0', '월 14.5', '금 13.5', '금 14.0', '금 14.5']"
CLTR0205-020,3.0,대학글쓰기,교양,"월 5B,6A,6B
금 5B,6A,6B",공과대학,배선윤,"1,1,0,1,1,0,2,1,1,3,0,0,0,0,0,1","월 13.5, 14.0, 14.5
금 13.5, 14.0, 14.5","['월 13.5', '월 14.0', '월 14.5', '금 13.5', '금 14.0', '금 14.5']"
CLTR0211-013,3.0,수학 I,교양,"월 5B,6A,6B
금 5B,6A,6B",공과대학,정선미,"1,0,2,2,1,2,0,3,3,2,0,1,0,0,2,2","월 13.5, 14.0, 14.5
금 13.5, 14.0, 14.5","['월 13.5', '월 14.0', '월 14.5', '금 13.5', '금 14.0', '금 14.5']"
CLTR0213-010,3.0,물리학 I,교양,"수 1A,1B,2A
금 2B,3A,3B",공과대학,박정식,"3,0,3,2,1,3,0,3,1,2,3,1,1,0,3,0","수 9.0, 9.5, 10.0
금 10.5, 11.0, 11.5","['수 9.0', '수 9.5', '수 10.0', '금 10.5', '금 11.0', '금 11.5']"
CLTR0215-008,3.0,화학 I,교양,"화 5B,6A,6B
목 5B,6A,6B",공과대학,현동춘,"2,0,2,3,0,1,1,0,3,1,2,2,2,2,1,3","화 13.5, 14.0, 14.5
목 13.5, 14.0, 14.5","['화 13.5', '화 14.0', '화 14.5', '목 13.5', '목 14.0', '목 14.5']"
CLTR0411-012,2.0,실용영어1,교양,"화 7A,7B
목 7A,7B",공과대학,"드니아,토비","2,3,3,3,1,3,0,0,0,1,2,2,3,3,0,1","화 15.0, 15.5
목 15.0, 15.5","['화 15.0', '화 15.5', '목 15.0', '목 15.5']"
CLTR0411-013,2.0,실용영어1,교양,"화 7A,7B
목 7A,7B",공과대학,워커 퀸,"2,2,2,3,0,2,2,1,0,1,1,3,3,3,1,0","화 15.0, 15.5
목 15.0, 15.5","['화 15.0', '화 15.5', '목 15.0', '목 15.5']"
CLTR0041-008,3.0,한국사,교양,"수 8B,9A,9B
금 8B,9A,9B",공과대학,박진영,"3,0,2,2,2,0,2,2,1,0,3,3,2,3,2,1","수 16.5, 17.0, 17.5
금 16.5, 17.0, 17.5","['수 16.5', '수 17.0', '수 17.5', '금 16.5', '금 17.0', '금 17.5']"
CLTR0195-005,3.0,C/C++프로그래밍기초,교양,"화 1A,1B
화 2A,2B
화 3A,3B
화 4A,4B",공과대학,박보석,"1,2,1,1,1,3,3,1,0,1,3,1,0,2,1,1","화 9.0, 9.5
화 10.0, 10.5
화 11.0, 11.5
화 12.0, 12.5","['화 9.0', '화 9.5', '화 10.0', '화 10.5', '화 11.0', '화 11.5', '화 12.0', '화 12.5']"
CLTR0211-014,3.0,수학 I,교양,"월 5B,6A,6B
금 5B,6A,6B",공과대학,이은영,"3,0,2,0,1,3,1,1,0,3,3,3,3,3,1,0","월 13.5, 14.0, 14.5
금 13.5, 14.0, 14.5","['월 13.5', '월 14.0', '월 14.5', '금 13.5', '금 14.0', '금 14.5']"
CLTR0213-012,3.0,물리학 I,교양,"월 2B,3A,3B
금 1A,1B,2A",공과대학,김홍탁,"0,0,3,1,1,3,1,3,3,3,0,3,2,3,2,2","월 10.5, 11.0, 11.5
금 9.0, 9.5, 10.0","['월 10.5', '월 11.0', '월 11.5', '금 9.0', '금 9.5', '금 10.0']"
CLTR0215-010,3.0,화학 I,교양,"화 7A,7B,8A
목 7A,7B,8A",공과대학,이강호,"2,2,1,3,1,1,2,1,1,1,1,3,0,0,1,3","화 15.0, 15.5, 16.0
목 15.0, 15.5, 16.0","['화 15.0', '화 15.5', '화 16.0', '목 15.0', '목 15.5', '목 16.0']"
CLTR0226-015,1.0,화학실험 I,교양,"목 1A,1B
목 2A,2B",공과대학,최철호,"1,0,2,1,2,2,2,3,0,3,0,0,1,3,2,2","목 9.0, 9.5
목 10.0, 10.5","['목 9.0', '목 9.5', '목 10.0', '목 10.5']"
CLTR0226-016,1.0,화학실험 I,교양,"목 1A,1B
목 2A,2B",공과대학,정맹준,"0,3,1,3,1,1,0,0,3,3,3,1,1,3,1,0","목 9.0, 9.5
목 10.0, 10.5","['목 9.0', '목 9.5', '목 10.0', '목 10.5']"
CLTR0411-016,2.0,실용영어1,교양,"수 1A,1B
금 3A,3B",공과대학,"빌즈, 그라함 해롤드","0,2,2,0,0,1,1,1,3,3,3,2,1,2,1,1","수 9.0, 9.5
금 11.0, 11.5","['수 9.0', '수 9.5', '금 11.0', '금 11.5']"
CLTR0411-017,2.0,실용영어1,교양,"수 1A,1B
금 3A,3B",공과대학,바이스 조슈아 대일,"1,2,3,0,2,1,3,1,2,1,0,3,1,2,0,3","수 9.0, 9.5
금 11.0, 11.5","['수 9.0', '수 9.5', '금 11.0', '금 11.5']"
CLTR0213-011,3.0,물리학 I,교양,"화 2B,3A,3B
목 1A,1B,2A",공과대학,김도형,"2,1,1,1,0,2,2,3,2,2,3,1,2,3,1,0","화 10.5, 11.0, 11.5
목 9.0, 9.5, 10.0","['화 10.5', '화 11.0', '화 11.5', '목 9.0', '목 9.5', '목 10.0']"
CLTR0215-009,3.0,화학 I,교양,"월 2B,3A,3B
수 1A,1B,2A",공과대학,김웅,"0,3,1,2,0,1,1,0,3,3,2,2,2,3,0,3","월 10.5, 11.0, 11.5
수 9.0, 9.5, 10.0","['월 10.5', '월 11.0', '월 11.5', '수 9.0', '수 9.5', '수 10.0']"
CLTR0221-005,3.0,통계학,교양,"화 5B,6A,6B
목 5B,6A,6B",공과대학,이주희,"1,1,0,3,1,1,1,3,2,1,1,0,2,3,2,3","화 13.5, 14.0, 14.5
목 13.5, 14.0, 14.5","['화 13.5', '화 14.0', '화 14.5', '목 13.5', '목 14.0', '목 14.5']"
CLTR0226-013,1.0,화학실험 I,교양,"수 3A,3B
수 4A,4B",공과대학,이강호,"2,2,3,2,0,2,2,3,0,2,2,0,2,0,1,3","수 11.0, 11.5
수 12.0, 12.5","['수 11.0', '수 11.5', '수 12.0', '수 12.5']"
CLTR0226-014,1.0,화학실험 I,교양,"수 3A,3B
수 4A,4B",공과대학,조형화,"0,1,0,0,0,3,3,3,0,1,3,0,2,3,1,2","수 11.0, 11.5
수 12.0, 12.5","['수 11.0', '수 11.5', '수 12.0', '수 12.5']"
CLTR0411-014,2.0,실용영어1,교양,"월 7A,7B
금 7A,7B",공과대학,"드니아,토비","0,3,2,1,1,2,0,2,0,3,3,3,3,0,2,2","월 15.0, 15.5
금 15.0, 15.5","['월 15.0', '월 15.5', '금 15.0', '금 15.5']"
CLTR0411-015,2.0,실용영어1,교양,"월 7A,7B
금 7A,7B",공과대학,"하이랜드,크리스","2,3,0,1,2,1,2,2,2,1,3,1,1,0,2,2","월 15.0, 15.5
금 15.0, 15.5","['월 15.0', '월 15.5', '금 15.0', '금 15.5']"
CLTR0515-002,3.0,과학기술과 윤리,교양,"월 8B,9A,9B
수 7A,7B,8A",공과대학,이향연,"3,0,3,3,3,1,3,3,2,1,1,2,2,3,0,0","월 16.5, 17.0, 17.5
수 15.0, 15.5, 16.0","['월 16.5', '월 17.0', '월 17.5', '수 15.0', '수 15.5', '수 16.0']"
CLTR0205-021,3.0,대학글쓰기,교양,"화 7A,7B,8A
목 7A,7B,8A",공과대학,홍미주,"0,0,1,0,2,1,3,0,2,3,1,0,0,1,3,0","화 15.0, 15.5, 16.0
목 15.0, 15.5, 16.0","['화 15.0', '화 15.5', '화 16.0', '목 15.0', '목 15.5', '목 16.0']"
CLTR0205-022,3.0,대학글쓰기,교양,"화 7A,7B,8A
목 7A,7B,8A",공과대학,정혜영,"3,1,1,2,2,3,2,0,1,1,0,2,3,0,1,3","화 15.0, 15.5, 16.0
목 15.0, 15.5, 16.0","['화 15.0', '화 15.5', '화 16.0', '목 15.0', '목 15.5', '목 16.0']"
CLTR0213-014,3.0,물리학 I,교양,"월 7A,7B,8A
금 7A,7B,8A",공과대학,이세욱,"3,2,1,0,0,3,3,2,1,2,1,1,2,2,1,1","월 15.0, 15.5, 16.0
금 15.0, 15.5, 16.0","['월 15.0', '월 15.5', '월 16.0', '금 15.0', '금 15.5', '금 16.0']"
CLTR0215-011,3.0,화학 I,교양,"월 2B,3A,3B
금 1A,1B,2A",공과대학,정혜영,"2,0,2,3,2,1,2,1,2,2,1,2,0,3,1,2","월 10.5, 11.0, 11.5
금 9.0, 9.5, 10.0","['월 10.5', '월 11.0', '월 11.5', '금 9.0', '금 9.5', '금 10.0']"
CLTR0223-014,1.0,물리학실험 I,교양,"수 5A,5B
수 6A,6B",공과대학,김찬,"2,0,1,3,1,1,0,0,3,1,1,0,0,2,2,1","수 13.0, 13.5
수 14.0, 14.5","['수 13.0', '수 13.5', '수 14.0', '수 14.5']"
CLTR0223-015,1.0,물리학실험 I,교양,"수 5A,5B
수 6A,6B",공과대학,양기원,"1,0,1,2,2,0,3,3,1,3,1,2,2,0,1,1","수 13.0, 13.5
수 14.0, 14.5","['수 13.0', '수 13.5', '수 14.0', '수 14.5']"
CLTR0223-016,1.0,물리학실험 I,교양,"수 5A,5B
수 6A,6B",공과대학,이형철,"1,2,3,0,2,1,2,1,1,1,3,2,0,0,0,1","수 13.0, 13.5
수 14.0, 14.5","['수 13.0', '수 13.5', '수 14.0', '수 14.5']"
CLTR0226-017,1.0,화학실험 I,교양,"월 5A,5B
월 6A,6B",공과대학,최철호,"3,1,2,3,0,0,3,0,1,3,2,3,2,0,2,2","월 13.0, 13.5
월 14.0, 14.5","['월 13.0', '월 13.5', '월 14.0', '월 14.5']"
CLTR0226-018,1.0,화학실험 I,교양,"금 3A,3B
금 4A,4B",공과대학,조창우,"0,3,2,3,3,3,2,3,2,2,1,3,2,3,3,1","금 11.0, 11.5
금 12.0, 12.5","['금 11.0', '금 11.5', '금 12.0', '금 12.5']"
CLTR0226-019,1.0,화학실험 I,교양,"금 3A,3B
금 4A,4B",공과대학,조대흠,"2,2,0,1,1,3,0,0,2,2,0,0,3,1,0,1","금 11.0, 11.5
금 12.0, 12.5","['금 11.0', '금 11.5', '금 12.0', '금 12.5']"
CLTR0411-025,2.0,실용영어1,교양,"화 2A,2B
목 2A,2B",공과대학,"빌즈, 그라함 해롤드","2,2,0,0,3,1,3,3,0,1,1,0,2,1,0,3","화 10.0, 10.5
목 10.0, 10.5","['화 10.0', '화 10.5', '목 10.0', '목 10.5']"
CLTR0411-026,2.0,실용영어1,교양,"화 2A,2B
목 2A,2B",공과대학,"위드로우, 애덤 크리스토퍼","0,3,3,0,2,0,2,0,0,1,1,3,2,0,3,3","화 10.0, 10.5
목 10.0, 10.5","['화 10.0', '화 10.5', '목 10.0', '목 10.5']"
CLTR0411-027,2.0,실용영어1,교양,"화 2A,2B
목 2A,2B",공과대학,바이스 조슈아 대일,"3,1,1,0,1,2,2,3,3,0,3,3,1,3,0,0","화 10.0, 10.5
목 10.0, 10.5","['화 10.0', '화 10.5', '목 10.0', '목 10.5']"
CLTR0820-003,3.0,기초수학1,교양,"월 1A,1B,2A
수 2B,3A,3B",공과대학,서명수,"3,0,1,3,3,0,0,3,3,2,1,2,2,0,3,3","월 9.0, 9.5, 10.0
수 10.5, 11.0, 11.5","['월 9.0', '월 9.5', '월 10.0', '수 10.5', '수 11.0', '수 11.5']"
CLTR0043-003,3.0,서양의역사와문화,교양,"수 8B,9A,9B
금 8B,9A,9B",공과대학,변정심,"1,3,2,3,0,3,2,0,3,2,3,3,2,3,3,3","수 16.5, 17.0, 17.5
금 16.5, 17.0, 17.5","['수 16.5', '수 17.0', '수 17.5', '금 16.5', '금 17.0', '금 17.5']"
CLTR0045-008,3.0,논리와 비판적 사고,교양,"화 2B,3A,3B
목 1A,1B,2A",공과대학,박대원,"3,3,3,3,2,2,2,1,3,1,2,0,3,1,3,2","화 10.5, 11.0, 11.5
목 9.0, 9.5, 10.0","['화 10.5', '화 11.0', '화 11.5', '목 9.0', '목 9.5', '목 10.0']"
CLTR0185-001,3.0,인간과주거문화,교양,"월 1A,1B,2A
수 2B,3A,3B",공과대학,서현철,"3,0,0,2,1,1,1,2,2,3,0,2,0,0,2,1","월 9.0, 9.5, 10.0
수 10.5, 11.0, 11.5","['월 9.0', '월 9.5', '월 10.0', '수 10.5', '수 11.0', '수 11.5']"
CLTR0211-016,3.0,수학 I,교양,"월 7A,7B,8A
금 7A,7B,8A",공과대학,이은영,"1,0,1,2,1,2,0,3,0,3,0,0,3,3,1,3","월 15.0, 15.5, 16.0
금 15.0, 15.5, 16.0","['월 15.0', '월 15.5', '월 16.0', '금 15.0', '금 15.5', '금 16.0']"
CLTR0268-003,3.0,파이선 프로그래밍,교양,"목 7A,7B
목 8A,8B
목 9A,9B
목 10A,10B",공과대학,류춘하,"0,1,0,2,1,3,1,0,1,1,0,3,3,0,3,1","목 15.0, 15.5
목 16.0, 16.5
목 17.0, 17.5
목 18.0, 18.5","['목 15.0', '목 15.5', '목 16.0', '목 16.5', '목 17.0', '목 17.5', '목 18.0', '목 18.5']"
CLTR0411-021,2.0,실용영어1,교양,"수 6A,6B
금 5A,5B",공과대학,"드니아,토비","1,2,3,0,2,0,2,1,1,3,1,0,1,1,2,3","수 14.0, 14.5
금 13.0, 13.5","['수 14.0', '수 14.5', '금 13.0', '금 13.5']"
CLTR0411-022,2.0,실용영어1,교양,"수 6A,6B
금 5A,5B",공과대학,"하이랜드,크리스","0,2,3,3,1,1,2,2,3,1,3,1,1,1,1,3","수 14.0, 14.5
금 13.0, 13.5","['수 14.0', '수 14.5', '금 13.0', '금 13.5']"
CLTR0411-023,2.0,실용영어1,교양,"화 5A,5B
목 5A,5B",공과대학,"피어슨, 브랜든","0,1,2,0,1,3,0,1,2,0,1,2,3,3,0,2","화 13.0, 13.5
목 13.0, 13.5","['화 13.0', '화 13.5', '목 13.0', '목 13.5']"
CLTR0411-024,2.0,실용영어1,교양,"화 5A,5B
목 5A,5B",공과대학,"위드로우, 애덤 크리스토퍼","0,3,0,2,2,3,1,0,0,0,2,0,1,1,0,2","화 13.0, 13.5
목 13.0, 13.5","['화 13.0', '화 13.5', '목 13.0', '목 13.5']"
CLTR0471-001,3.0,친환경적 삶과 건축,교양,"화 8B,9A,9B
목 8B,9A,9B",공과대학,이태경,"1,1,1,0,1,0,0,0,0,1,0,0,0,2,0,3","화 16.5, 17.0, 17.5
목 16.5, 17.0, 17.5","['화 16.5', '화 17.0', '화 17.5', '목 16.5', '목 17.0', '목 17.5']"
CLTR0211-020,3.0,수학 I,교양,"수 1A,1B,2A
금 2B,3A,3B",공과대학,진주영,"0,1,2,2,1,0,1,3,3,3,0,1,1,1,0,1","수 9.0, 9.5, 10.0
금 10.5, 11.0, 11.5","['수 9.0', '수 9.5', '수 10.0', '금 10.5', '금 11.0', '금 11.5']"
CLTR0213-017,3.0,물리학 I,교양,"월 2B,3A,3B
금 1A,1B,2A",공과대학,우경성,"0,1,2,3,1,0,3,2,1,0,2,3,2,1,3,3","월 10.5, 11.0, 11.5
금 9.0, 9.5, 10.0","['월 10.5', '월 11.0', '월 11.5', '금 9.0', '금 9.5', '금 10.0']"
CLTR0215-014,3.0,화학 I,교양,"화 2B,3A,3B
목 1A,1B,2A",공과대학,조장훈,"2,0,2,0,1,1,3,0,2,3,3,2,0,0,1,3","화 10.5, 11.0, 11.5
목 9.0, 9.5, 10.0","['화 10.5', '화 11.0', '화 11.5', '목 9.0', '목 9.5', '목 10.0']"
CLTR0223-017,1.0,물리학실험 I,교양,"목 5A,5B
목 6A,6B",공과대학,양기원,"2,0,0,3,1,0,3,3,3,1,0,1,3,3,1,0","목 13.0, 13.5
목 14.0, 14.5","['목 13.0', '목 13.5', '목 14.0', '목 14.5']"
CLTR0223-018,1.0,물리학실험 I,교양,"목 5A,5B
목 6A,6B",공과대학,김신형,"2,2,1,0,2,1,0,0,3,1,0,1,0,3,1,0","목 13.0, 13.5
목 14.0, 14.5","['목 13.0', '목 13.5', '목 14.0', '목 14.5']"
CLTR0226-020,1.0,화학실험 I,교양,"월 5A,5B
월 6A,6B",공과대학,김성환,"2,1,0,3,2,1,2,0,3,0,1,0,3,3,3,0","월 13.0, 13.5
월 14.0, 14.5","['월 13.0', '월 13.5', '월 14.0', '월 14.5']"
CLTR0195-006,3.0,C/C++프로그래밍기초,교양,"금 5A,5B
금 6A,6B
금 7A,7B
금 8A,8B",공과대학,하숙정,"1,1,2,0,2,1,1,2,3,1,1,0,3,3,3,2","금 13.0, 13.5
금 14.0, 14.5
금 15.0, 15.5
금 16.0, 16.5","['금 13.0', '금 13.5', '금 14.0', '금 14.5', '금 15.0', '금 15.5', '금 16.0', '금 16.5']"
CLTR0211-018,3.0,수학 I,교양,"수 1A,1B,2A
금 2B,3A,3B",공과대학,이은경,"0,0,2,0,1,0,3,3,3,1,2,1,2,0,2,3","수 9.0, 9.5, 10.0
금 10.5, 11.0, 11.5","['수 9.0', '수 9.5', '수 10.0', '금 10.5', '금 11.0', '금 11.5']"
CLTR0213-015,3.0,물리학 I,교양,"화 1A,1B,2A
목 2B,3A,3B",공과대학,박환배,"2,1,2,2,0,2,2,0,3,1,1,2,0,3,2,2","화 9.0, 9.5, 10.0
목 10.5, 11.0, 11.5","['화 9.0', '화 9.5', '화 10.0', '목 10.5', '목 11.0', '목 11.5']"
CLTR0215-012,3.0,화학 I,교양,"화 5B,6A,6B
목 5B,6A,6B",공과대학,조형화,"1,0,0,1,0,1,1,1,2,2,0,0,1,1,1,3","화 13.5, 14.0, 14.5
목 13.5, 14.0, 14.5","['화 13.5', '화 14.0', '화 14.5', '목 13.5', '목 14.0', '목 14.5']"
CLTR0411-028,2.0,실용영어1,교양,"월 3A,3B
금 1A,1B",공과대학,"쿡,콜린 제임스","0,1,0,1,2,3,2,1,2,0,3,3,0,3,1,1","월 11.0, 11.5
금 9.0, 9.5","['월 11.0', '월 11.5', '금 9.0', '금 9.5']"
CLTR0411-029,2.0,실용영어1,교양,"월 3A,3B
금 1A,1B",공과대학,"드니아,토비","2,3,1,2,0,0,0,3,3,2,0,1,0,2,2,1","월 11.0, 11.5
금 9.0, 9.5","['월 11.0', '월 11.5', '금 9.0', '금 9.5']"
CLTR0411-030,2.0,실용영어1,교양,"월 3A,3B
금 1A,1B",공과대학,"빌즈, 그라함 해롤드","1,1,2,3,3,2,2,1,3,0,2,2,2,2,1,3","월 11.0, 11.5
금 9.0, 9.5","['월 11.0', '월 11.5', '금 9.0', '금 9.5']"
CLTR0041-009,3.0,한국사,교양,"월 7A,7B,8A
금 7A,7B,8A",공과대학,박진영,"2,0,0,2,1,1,2,3,0,2,1,2,1,0,3,3","월 15.0, 15.5, 16.0
금 15.0, 15.5, 16.0","['월 15.0', '월 15.5', '월 16.0', '금 15.0', '금 15.5', '금 16.0']"
CLTR0195-008,3.0,C/C++프로그래밍기초,교양,"수 1A,1B
수 2A,2B
수 3A,3B
수 4A,4B",공과대학,박보석,"2,3,0,0,0,0,3,0,1,0,3,2,3,0,0,3","수 9.0, 9.5
수 10.0, 10.5
수 11.0, 11.5
수 12.0, 12.5","['수 9.0', '수 9.5', '수 10.0', '수 10.5', '수 11.0', '수 11.5', '수 12.0', '수 12.5']"
CLTR0211-019,3.0,수학 I,교양,"화 5B,6A,6B
목 5B,6A,6B",공과대학,정원균,"0,3,0,1,2,3,3,2,1,3,1,1,1,0,1,0","화 13.5, 14.0, 14.5
목 13.5, 14.0, 14.5","['화 13.5', '화 14.0', '화 14.5', '목 13.5', '목 14.0', '목 14.5']"
CLTR0213-016,3.0,물리학 I,교양,"화 7A,7B,8A
목 7A,7B,8A",공과대학,공대정,"1,1,1,3,3,1,2,0,2,1,1,0,0,0,2,1","화 15.0, 15.5, 16.0
목 15.0, 15.5, 16.0","['화 15.0', '화 15.5', '화 16.0', '목 15.0', '목 15.5', '목 16.0']"
CLTR0215-013,3.0,화학 I,교양,"화 2B,3A,3B
목 1A,1B,2A",공과대학,이강호,"3,2,1,1,1,3,1,1,1,1,2,2,3,2,2,1","화 10.5, 11.0, 11.5
목 9.0, 9.5, 10.0","['화 10.5', '화 11.0', '화 11.5', '목 9.0', '목 9.5', '목 10.0']"
CLTR0411-031,2.0,실용영어1,교양,"월 3A,3B
금 1A,1B",공과대학,바이스 조슈아 대일,"3,3,0,3,1,2,2,3,2,3,2,3,1,0,2,0","월 11.0, 11.5
금 9.0, 9.5","['월 11.0', '월 11.5', '금 9.0', '금 9.5']"
CLTR0411-032,2.0,실용영어1,교양,"월 3A,3B
금 1A,1B",공과대학,"위드로우, 애덤 크리스토퍼","1,2,0,0,3,2,3,0,2,2,1,0,0,3,0,3","월 11.0, 11.5
금 9.0, 9.5","['월 11.0', '월 11.5', '금 9.0', '금 9.5']"
CLTR0820-004,3.0,기초수학1,교양,"화 1A,1B,2A
목 2B,3A,3B",공과대학,정선미,"1,1,1,1,0,3,3,1,2,3,0,2,0,0,0,3","화 9.0, 9.5, 10.0
목 10.5, 11.0, 11.5","['화 9.0', '화 9.5', '화 10.0', '목 10.5', '목 11.0', '목 11.5']"
CLTR0045-007,3.0,논리와 비판적 사고,교양,"화 8B,9A,9B
목 8B,9A,9B",공과대학,이병탁,"2,2,3,2,0,1,0,1,2,0,0,1,1,3,3,0","화 16.5, 17.0, 17.5
목 16.5, 17.0, 17.5","['화 16.5', '화 17.0', '화 17.5', '목 16.5', '목 17.0', '목 17.5']"
CLTR0211-011,3.0,수학 I,교양,"화 2B,3A,3B
목 1A,1B,2A",공과대학,정선미,"2,3,0,2,0,2,2,1,0,1,0,2,2,3,2,2","화 10.5, 11.0, 11.5
목 9.0, 9.5, 10.0","['화 10.5', '화 11.0', '화 11.5', '목 9.0', '목 9.5', '목 10.0']"
CLTR0213-008,3.0,물리학 I,교양,"화 7A,7B,8A
목 7A,7B,8A",공과대학,조현석,"1,2,2,1,3,0,2,1,2,1,1,2,0,2,1,2","화 15.0, 15.5, 16.0
목 15.0, 15.5, 16.0","['화 15.0', '화 15.5', '화 16.0', '목 15.0', '목 15.5', '목 16.0']"
CLTR0215-006,3.0,화학 I,교양,"화 8B,9A,9B
목 8B,9A,9B",공과대학,이상연,"0,2,3,0,3,1,3,1,0,0,1,3,2,3,2,2","화 16.5, 17.0, 17.5
목 16.5, 17.0, 17.5","['화 16.5', '화 17.0', '화 17.5', '목 16.5', '목 17.0', '목 17.5']"
CLTR0226-009,1.0,화학실험 I,교양,"월 1A,1B
월 2A,2B",공과대학,정맹준,"1,3,2,2,2,3,0,1,0,1,0,1,3,1,1,0","월 9.0, 9.5
월 10.0, 10.5","['월 9.0', '월 9.5', '월 10.0', '월 10.5']"
CLTR0226-010,1.0,화학실험 I,교양,"월 1A,1B
월 2A,2B",공과대학,조형화,"2,1,1,2,2,3,1,2,0,0,2,1,3,2,3,0","월 9.0, 9.5
월 10.0, 10.5","['월 9.0', '월 9.5', '월 10.0', '월 10.5']"
CLTR0411-008,2.0,실용영어1,교양,"화 5A,5B
목 5A,5B",공과대학,"하이랜드,크리스","1,2,3,0,1,2,2,0,1,0,2,0,1,2,1,2","화 13.0, 13.5
목 13.0, 13.5","['화 13.0', '화 13.5', '목 13.0', '목 13.5']"
CLTR0411-009,2.0,실용영어1,교양,"화 5A,5B
목 5A,5B",공과대학,워커 퀸,"0,1,0,3,2,0,2,2,0,1,1,0,2,0,2,2","화 13.0, 13.5
목 13.0, 13.5","['화 13.0', '화 13.5', '목 13.0', '목 13.5']"
CLTR0211-012,3.0,수학 I,교양,"화 2B,3A,3B
목 1A,1B,2A",공과대학,정원균,"3,2,0,3,0,1,2,0,2,1,3,2,2,0,2,2","화 10.5, 11.0, 11.5
목 9.0, 9.5, 10.0","['화 10.5', '화 11.0', '화 11.5', '목 9.0', '목 9.5', '목 10.0']"
CLTR0213-009,3.0,물리학 I,교양,"월 2B,3A,3B
금 1A,1B,2A",공과대학,박종구,"2,3,2,0,3,3,2,3,1,0,1,2,0,1,3,2","월 10.5, 11.0, 11.5
금 9.0, 9.5, 10.0","['월 10.5', '월 11.0', '월 11.5', '금 9.0', '금 9.5', '금 10.0']"
CLTR0215-007,3.0,화학 I,교양,"수 1A,1B,2A
금 2B,3A,3B",공과대학,한구희,"1,3,2,0,0,1,2,2,0,0,3,2,1,1,2,1","수 9.0, 9.5, 10.0
금 10.5, 11.0, 11.5","['수 9.0', '수 9.5', '수 10.0', '금 10.5', '금 11.0', '금 11.5']"
CLTR0226-011,1.0,화학실험 I,교양,"수 5A,5B
수 6A,6B",공과대학,이홍인,"1,1,1,0,1,1,3,0,2,3,3,3,3,3,3,2","수 13.0, 13.5
수 14.0, 14.5","['수 13.0', '수 13.5', '수 14.0', '수 14.5']"
CLTR0268-002,3.0,파이선 프로그래밍,교양,"화 6A,6B
화 7A,7B
화 8A,8B
화 9A,9B",공과대학,류춘하,"3,2,0,2,1,3,0,0,3,3,2,3,1,1,2,2","화 14.0, 14.5
화 15.0, 15.5
화 16.0, 16.5
화 17.0, 17.5","['화 14.0', '화 14.5', '화 15.0', '화 15.5', '화 16.0', '화 16.5', '화 17.0', '화 17.5']"
CLTR0411-010,2.0,실용영어1,교양,"월 1A,1B
수 3A,3B",공과대학,워커 퀸,"0,2,1,0,0,0,3,3,2,0,3,3,0,2,2,0","월 9.0, 9.5
수 11.0, 11.5","['월 9.0', '월 9.5', '수 11.0', '수 11.5']"
CLTR0411-011,2.0,실용영어1,교양,"월 1A,1B
수 3A,3B",공과대학,"피어슨, 브랜든","2,3,3,0,2,2,0,1,3,2,1,3,3,2,0,0","월 9.0, 9.5
수 11.0, 11.5","['월 9.0', '월 9.5', '수 11.0', '수 11.5']"
CLTR0210-021,3.0,명저읽기와 토론,교양,"월 5B,6A,6B
금 5B,6A,6B",사범대학,박균섭,"2,3,0,2,2,2,2,0,3,3,3,2,1,2,1,3","월 13.5, 14.0, 14.5
금 13.5, 14.0, 14.5","['월 13.5', '월 14.0', '월 14.5', '금 13.5', '금 14.0', '금 14.5']"
CLTR0534-001,3.0,교육학의이해,교양,"화 2B,3A,3B
목 1A,1B,2A",사범대학,강현석,"3,2,0,1,3,1,3,2,3,3,1,1,0,0,1,1","화 10.5, 11.0, 11.5
목 9.0, 9.5, 10.0","['화 10.5', '화 11.0', '화 11.5', '목 9.0', '목 9.5', '목 10.0']"
CLTR0603-001,3.0,인간발달과 행복,교양,"월 7A,7B,8A
금 7A,7B,8A",사범대학,강이철,"2,0,2,1,0,1,3,3,3,2,0,2,3,0,2,2","월 15.0, 15.5, 16.0
금 15.0, 15.5, 16.0","['월 15.0', '월 15.5', '월 16.0', '금 15.0', '금 15.5', '금 16.0']"
CLTR0836-001,3.0,미래사회와 교사 역량,교양,"목 1A,1B
목 2A,2B
목 3A,3B
목 4A,4B",사범대학,강호수,"2,2,2,3,0,2,3,1,3,2,2,1,0,2,0,2","목 9.0, 9.5
목 10.0, 10.5
목 11.0, 11.5
목 12.0, 12.5","['목 9.0', '목 9.5', '목 10.0', '목 10.5', '목 11.0', '목 11.5', '목 12.0', '목 12.5']"
TCHR0464-001,3.0,교육학 논리 및 논술지도,교직,"수 3A,3B
수 4A,4B
금 3A,3B
금 4A,4B",사범대학,박균섭,"3,3,1,1,2,3,0,2,2,1,1,0,0,2,1,1","수 11.0, 11.5
수 12.0, 12.5
금 11.0, 11.5
금 12.0, 12.5","['수 11.0', '수 11.5', '수 12.0', '수 12.5', '금 11.0', '금 11.5', '금 12.0', '금 12.5']"
TCHR0520-001,2.0,생활지도및상담(교직소양),교직,"목 6A,6B
목 7A,7B",사범대학,김은영,"2,0,0,2,0,0,2,0,1,2,1,1,3,0,3,2","목 14.0, 14.5
목 15.0, 15.5","['목 14.0', '목 14.5', '목 15.0', '목 15.5']"
TCHR0520-002,2.0,생활지도및상담(교직소양),교직,"월 10A,10B
월 11A,11B",사범대학,박민주,"2,1,0,2,0,0,0,2,3,1,3,1,3,0,2,1","월 18.0, 18.5
월 19.0","['월 18.0', '월 18.5', '월 19.0']"
TCHR0520-003,2.0,생활지도및상담(교직소양),교직,"화 2A,2B
화 3A,3B",사범대학,채선화,"2,1,0,2,0,2,3,3,3,3,1,3,3,2,0,0","화 10.0, 10.5
화 11.0, 11.5","['화 10.0', '화 10.5', '화 11.0', '화 11.5']"
TCHR0520-004,2.0,생활지도및상담(교직소양),교직,"화 9A,9B
화 10A,10B",사범대학,김은정,"2,0,0,0,3,3,2,2,0,0,2,1,1,0,2,0","화 17.0, 17.5
화 18.0, 18.5","['화 17.0', '화 17.5', '화 18.0', '화 18.5']"
TCHR0520-005,2.0,생활지도및상담(교직소양),교직,"목 9A,9B
목 10A,10B",사범대학,최명희,"2,0,0,3,0,2,1,1,3,3,0,3,3,3,1,3","목 17.0, 17.5
목 18.0, 18.5","['목 17.0', '목 17.5', '목 18.0', '목 18.5']"
TCHR0520-006,2.0,생활지도및상담(교직소양),교직,"금 10A,10B
금 11A,11B",사범대학,전정임,"3,3,0,3,3,0,1,2,3,3,3,1,1,3,2,1","금 18.0, 18.5
금 19.0","['금 18.0', '금 18.5', '금 19.0']"
TCHR0521-001,1.0,교직실무 1,교직,"수 6A,6B",사범대학,최명희,"1,1,3,0,0,3,0,3,3,0,0,3,1,1,1,1","수 14.0, 14.5","['수 14.0', '수 14.5']"
TCHR0521-002,1.0,교직실무 1,교직,"수 7A,7B",사범대학,박명심,"0,3,3,2,2,2,2,2,1,2,2,0,1,1,1,1","수 15.0, 15.5","['수 15.0', '수 15.5']"
TCHR0521-003,1.0,교직실무 1,교직,"수 8A,8B",사범대학,박명심,"1,3,2,1,1,2,0,2,1,0,3,1,2,0,3,0","수 16.0, 16.5","['수 16.0', '수 16.5']"
TCHR0523-001,2.0,교직실무 2,교직,"수 1A,1B
수 2A,2B",사범대학,박균섭,"2,1,2,0,1,2,3,1,1,0,0,3,2,0,0,1","수 9.0, 9.5
수 10.0, 10.5","['수 9.0', '수 9.5', '수 10.0', '수 10.5']"
TCHR0523-002,2.0,교직실무 2,교직,"수 7A,7B
수 8A,8B",사범대학,최명희,"3,2,0,3,2,2,1,0,2,3,2,0,3,1,1,1","수 15.0, 15.5
수 16.0, 16.5","['수 15.0', '수 15.5', '수 16.0', '수 16.5']"
TCHR0523-003,2.0,교직실무 2,교직,"목 5A,5B
목 6A,6B",사범대학,이지은,"3,3,3,2,0,2,3,3,3,3,1,2,1,1,1,3","목 13.0, 13.5
목 14.0, 14.5","['목 13.0', '목 13.5', '목 14.0', '목 14.5']"
TCHR0523-004,2.0,교직실무 2,교직,"목 7A,7B
목 8A,8B",사범대학,이지은,"3,2,0,0,2,1,1,0,1,2,3,1,3,3,2,0","목 15.0, 15.5
목 16.0, 16.5","['목 15.0', '목 15.5', '목 16.0', '목 16.5']"
TCHR0523-005,2.0,교직실무 2,교직,"목 9A,9B
목 10A,10B",사범대학,김영주,"3,0,0,2,3,1,0,1,2,3,3,2,0,1,2,1","목 17.0, 17.5
목 18.0, 18.5","['목 17.0', '목 17.5', '목 18.0', '목 18.5']"
TCHR0523-006,2.0,교직실무 2,교직,"금 5A,5B
금 6A,6B",사범대학,박명심,"3,2,2,2,2,0,0,3,3,1,3,0,2,1,3,1","금 13.0, 13.5
금 14.0, 14.5","['금 13.0', '금 13.5', '금 14.0', '금 14.5']"
TCHR0528-002,2.0,특수교육학개론,교직,"월 3A,3B
월 4A,4B",사범대학,정경희,"0,0,3,2,3,3,3,1,3,2,2,1,1,0,1,2","월 11.0, 11.5
월 12.0, 12.5","['월 11.0', '월 11.5', '월 12.0', '월 12.5']"
TCHR0528-003,2.0,특수교육학개론,교직,"월 5A,5B
월 6A,6B",사범대학,정경희,"2,1,3,0,1,1,0,0,3,0,1,3,2,2,2,3","월 13.0, 13.5
월 14.0, 14.5","['월 13.0', '월 13.5', '월 14.0', '월 14.5']"
TCHR0528-004,2.0,특수교육학개론,교직,"화 5A,5B
화 6A,6B",사범대학,차세진,"2,1,1,2,3,0,0,3,3,2,1,3,3,3,2,1","화 13.0, 13.5
화 14.0, 14.5","['화 13.0', '화 13.5', '화 14.0', '화 14.5']"
TCHR0528-005,2.0,특수교육학개론,교직,"수 5A,5B
수 6A,6B",사범대학,차세진,"2,2,2,1,0,3,2,1,2,2,1,2,0,2,3,0","수 13.0, 13.5
수 14.0, 14.5","['수 13.0', '수 13.5', '수 14.0', '수 14.5']"
TCHR0528-006,2.0,특수교육학개론,교직,"금 5A,5B
금 6A,6B",사범대학,배민정,"3,1,3,1,1,1,3,1,2,1,0,1,2,1,1,0","금 13.0, 13.5
금 14.0, 14.5","['금 13.0', '금 13.5', '금 14.0', '금 14.5']"
TCHR0528-007,2.0,특수교육학개론,교직,"금 7A,7B
금 8A,8B",사범대학,배민정,"2,2,0,1,0,1,3,2,1,3,3,2,3,2,3,3","금 15.0, 15.5
금 16.0, 16.5","['금 15.0', '금 15.5', '금 16.0', '금 16.5']"
TCHR0553-001,1.0,디지털 교육,교직,"화 7A,7B",사범대학,강이철,"3,1,2,3,0,2,2,3,3,3,1,1,1,2,3,2","화 15.0, 15.5","['화 15.0', '화 15.5']"
TCHR0553-002,1.0,디지털 교육,교직,"화 8A,8B",사범대학,강이철,"3,0,0,2,1,0,3,2,2,0,1,1,3,0,2,3","화 16.0, 16.5","['화 16.0', '화 16.5']"
TCHR0553-003,1.0,디지털 교육,교직,"목 7A,7B",사범대학,강이철,"1,2,0,1,0,1,2,2,0,2,0,2,3,2,0,3","목 15.0, 15.5","['목 15.0', '목 15.5']"
TCHR0553-004,1.0,디지털 교육,교직,"목 8A,8B",사범대학,석보영,"3,2,3,1,1,2,2,3,3,2,1,1,1,0,3,3","목 16.0, 16.5","['목 16.0', '목 16.5']"
TCHR0601-001,2.0,교육과정,교직,"월 7A,7B
월 8A,8B",사범대학,강현석,"0,2,1,3,2,0,2,1,0,3,0,3,0,1,3,2","월 15.0, 15.5
월 16.0, 16.5","['월 15.0', '월 15.5', '월 16.0', '월 16.5']"
TCHR0601-002,2.0,교육과정,교직,"목 3A,3B
목 4A,4B",사범대학,김수영,"2,0,0,1,2,1,2,2,3,0,0,2,2,0,2,1","목 11.0, 11.5
목 12.0, 12.5","['목 11.0', '목 11.5', '목 12.0', '목 12.5']"
TCHR0601-003,2.0,교육과정,교직,"목 7A,7B
목 8A,8B",사범대학,김수영,"2,1,2,3,0,0,3,2,1,2,2,1,0,3,1,3","목 15.0, 15.5
목 16.0, 16.5","['목 15.0', '목 15.5', '목 16.0', '목 16.5']"
TCHR0601-004,2.0,교육과정,교직,"화 7A,7B
화 8A,8B",사범대학,이지은,"1,1,1,1,3,3,1,2,3,2,2,0,1,2,1,1","화 15.0, 15.5
화 16.0, 16.5","['화 15.0', '화 15.5', '화 16.0', '화 16.5']"
TCHR0601-005,2.0,교육과정,교직,"화 9A,9B
화 10A,10B",사범대학,이지은,"3,1,1,1,3,2,2,1,0,0,1,2,1,2,0,1","화 17.0, 17.5
화 18.0, 18.5","['화 17.0', '화 17.5', '화 18.0', '화 18.5']"
TCHR0604-002,2.0,교육방법및교육공학,교직,"월 5A,5B
월 6A,6B",사범대학,석보영,"3,1,1,1,3,2,2,2,0,2,2,1,1,3,0,3","월 13.0, 13.5
월 14.0, 14.5","['월 13.0', '월 13.5', '월 14.0', '월 14.5']"
TCHR0604-003,2.0,교육방법및교육공학,교직,"월 7A,7B
월 8A,8B",사범대학,석보영,"1,3,2,1,0,0,2,3,3,1,3,1,2,1,2,2","월 15.0, 15.5
월 16.0, 16.5","['월 15.0', '월 15.5', '월 16.0', '월 16.5']"
TCHR0604-004,2.0,교육방법및교육공학,교직,"수 3A,3B
수 4A,4B",사범대학,박기용,"3,2,0,1,3,1,1,2,2,2,2,0,1,3,0,1","수 11.0, 11.5
수 12.0, 12.5","['수 11.0', '수 11.5', '수 12.0', '수 12.5']"
TCHR0604-005,2.0,교육방법및교육공학,교직,"수 5A,5B
수 6A,6B",사범대학,박기용,"2,0,2,2,3,1,3,1,2,3,0,0,2,1,0,3","수 13.0, 13.5
수 14.0, 14.5","['수 13.0', '수 13.5', '수 14.0', '수 14.5']"
TCHR0604-006,2.0,교육방법및교육공학,교직,"목 5A,5B
목 6A,6B",사범대학,박기용,"0,2,0,0,2,0,2,1,3,3,0,2,1,3,0,3","목 13.0, 13.5
목 14.0, 14.5","['목 13.0', '목 13.5', '목 14.0', '목 14.5']"
TCHR0606-002,2.0,교육사회,교직,"화 3A,3B
화 4A,4B",사범대학,박명희,"0,1,2,0,3,2,1,0,2,1,3,3,0,3,2,0","화 11.0, 11.5
화 12.0, 12.5","['화 11.0', '화 11.5', '화 12.0', '화 12.5']"
TCHR0606-003,2.0,교육사회,교직,"수 9A,9B
수 10A,10B",사범대학,박명희,"2,2,2,1,1,2,1,3,0,0,0,1,0,3,3,1","수 17.0, 17.5
수 18.0, 18.5","['수 17.0', '수 17.5', '수 18.0', '수 18.5']"
TCHR0606-004,2.0,교육사회,교직,"수 9A,9B
수 10A,10B",사범대학,서봉언,"1,2,0,1,3,2,0,2,0,3,1,0,1,1,3,3","수 17.0, 17.5
수 18.0, 18.5","['수 17.0', '수 17.5', '수 18.0', '수 18.5']"
TCHR0606-005,2.0,교육사회,교직,"금 8A,8B
금 9A,9B",사범대학,김원영,"3,3,3,1,1,3,2,1,1,3,3,0,1,3,0,3","금 16.0, 16.5
금 17.0, 17.5","['금 16.0', '금 16.5', '금 17.0', '금 17.5']"
TCHR0607-002,2.0,교육심리,교직,"월 5A,5B
월 6A,6B",사범대학,이창현,"1,1,2,2,1,1,2,0,0,3,3,1,3,1,0,1","월 13.0, 13.5
월 14.0, 14.5","['월 13.0', '월 13.5', '월 14.0', '월 14.5']"
TCHR0607-003,2.0,교육심리,교직,"화 3A,3B
화 4A,4B",사범대학,문주연,"0,2,2,3,0,3,0,0,2,1,1,2,1,2,2,1","화 11.0, 11.5
화 12.0, 12.5","['화 11.0', '화 11.5', '화 12.0', '화 12.5']"
TCHR0607-004,2.0,교육심리,교직,"수 8A,8B
수 9A,9B",사범대학,문주연,"1,3,2,1,0,2,0,3,1,2,2,0,0,1,3,3","수 16.0, 16.5
수 17.0, 17.5","['수 16.0', '수 16.5', '수 17.0', '수 17.5']"
TCHR0607-005,2.0,교육심리,교직,"목 6A,6B
목 7A,7B",사범대학,정유지,"0,2,3,3,2,0,0,0,2,2,3,0,0,0,2,1","목 14.0, 14.5
목 15.0, 15.5","['목 14.0', '목 14.5', '목 15.0', '목 15.5']"
TCHR0607-006,2.0,교육심리,교직,"목 8A,8B
목 9A,9B",사범대학,정유지,"1,3,2,3,3,3,3,0,1,0,3,1,3,2,3,2","목 16.0, 16.5
목 17.0, 17.5","['목 16.0', '목 16.5', '목 17.0', '목 17.5']"
TCHR0609-002,2.0,교육철학및교육사,교직,"월 1A,1B
월 2A,2B",사범대학,박균섭,"2,2,0,1,3,3,0,1,0,3,3,0,3,3,0,2","월 9.0, 9.5
월 10.0, 10.5","['월 9.0', '월 9.5', '월 10.0', '월 10.5']"
TCHR0609-003,2.0,교육철학및교육사,교직,"월 5A,5B
월 6A,6B",사범대학,박청미,"2,3,3,2,0,1,0,0,2,1,0,0,2,2,0,3","월 13.0, 13.5
월 14.0, 14.5","['월 13.0', '월 13.5', '월 14.0', '월 14.5']"
TCHR0609-004,2.0,교육철학및교육사,교직,"화 3A,3B
화 4A,4B",사범대학,송수진,"0,1,2,2,0,3,3,0,1,2,2,0,0,1,1,2","화 11.0, 11.5
화 12.0, 12.5","['화 11.0', '화 11.5', '화 12.0', '화 12.5']"
TCHR0609-006,2.0,교육철학및교육사,교직,"금 3A,3B
금 4A,4B",사범대학,이경숙,"2,1,0,3,1,3,1,2,2,2,1,0,1,2,3,3","금 11.0, 11.5
금 12.0, 12.5","['금 11.0', '금 11.5', '금 12.0', '금 12.5']"
TCHR0610-002,2.0,교육평가,교직,"목 3A,3B
목 4A,4B",사범대학,손원숙,"0,0,1,0,2,2,3,0,3,0,1,0,3,3,3,3","목 11.0, 11.5
목 12.0, 12.5","['목 11.0', '목 11.5', '목 12.0', '목 12.5']"
TCHR0610-003,2.0,교육평가,교직,"수 3A,3B
수 4A,4B",사범대학,유신복,"1,3,3,2,0,3,3,3,0,2,0,2,0,0,0,1","수 11.0, 11.5
수 12.0, 12.5","['수 11.0', '수 11.5', '수 12.0', '수 12.5']"
TCHR0610-004,2.0,교육평가,교직,"수 5A,5B
수 6A,6B",사범대학,유신복,"2,1,3,3,3,3,3,1,3,0,3,2,0,1,2,3","수 13.0, 13.5
수 14.0, 14.5","['수 13.0', '수 13.5', '수 14.0', '수 14.5']"
TCHR0610-005,2.0,교육평가,교직,"화 3A,3B
화 4A,4B",사범대학,박민애,"0,3,0,2,3,2,1,1,2,1,0,2,2,1,1,1","화 11.0, 11.5
화 12.0, 12.5","['화 11.0', '화 11.5', '화 12.0', '화 12.5']"
TCHR0610-006,2.0,교육평가,교직,"화 8A,8B
화 9A,9B",사범대학,김재욱,"1,3,2,2,3,2,0,3,2,1,1,2,0,1,3,3","화 16.0, 16.5
화 17.0, 17.5","['화 16.0', '화 16.5', '화 17.0', '화 17.5']"
TCHR0611-002,2.0,교육학개론,교직,"금 1A,1B
금 2A,2B",사범대학,박균섭,"0,0,3,3,1,1,1,2,2,0,2,0,0,0,1,0","금 9.0, 9.5
금 10.0, 10.5","['금 9.0', '금 9.5', '금 10.0', '금 10.5']"
TCHR0611-003,2.0,교육학개론,교직,"월 7A,7B
월 8A,8B",사범대학,박청미,"2,3,2,3,0,3,0,3,0,3,0,2,2,1,3,0","월 15.0, 15.5
월 16.0, 16.5","['월 15.0', '월 15.5', '월 16.0', '월 16.5']"
TCHR0611-004,2.0,교육학개론,교직,"목 5A,5B
목 6A,6B",사범대학,송수진,"3,3,2,1,3,0,3,2,0,0,3,3,1,1,3,0","목 13.0, 13.5
목 14.0, 14.5","['목 13.0', '목 13.5', '목 14.0', '목 14.5']"
TCHR0611-005,2.0,교육학개론,교직,"화 7A,7B
화 8A,8B",사범대학,현영섭,"0,3,1,2,1,0,1,1,3,2,3,2,2,0,1,3","화 15.0, 15.5
화 16.0, 16.5","['화 15.0', '화 15.5', '화 16.0', '화 16.5']"
TCHR0611-006,2.0,교육학개론,교직,"목 7A,7B
목 8A,8B",사범대학,신은경,"1,0,0,1,3,2,3,0,1,1,2,3,2,3,1,3","목 15.0, 15.5
목 16.0, 16.5","['목 15.0', '목 15.5', '목 16.0', '목 16.5']"
TCHR0612-001,2.0,교육행정및교육경영,교직,"화 5A,5B
화 6A,6B",사범대학,강호수,"2,2,0,3,1,2,2,1,0,2,2,0,0,1,2,2","화 13.0, 13.5
화 14.0, 14.5","['화 13.0', '화 13.5', '화 14.0', '화 14.5']"
TCHR0612-002,2.0,교육행정및교육경영,교직,"월 5A,5B
월 6A,6B",사범대학,정은경,"2,2,1,3,3,3,1,2,3,1,2,0,1,1,1,3","월 13.0, 13.5
월 14.0, 14.5","['월 13.0', '월 13.5', '월 14.0', '월 14.5']"
TCHR0612-003,2.0,교육행정및교육경영,교직,"월 7A,7B
월 8A,8B",사범대학,정은경,"0,1,3,1,0,2,1,0,0,0,1,0,0,2,2,0","월 15.0, 15.5
월 16.0, 16.5","['월 15.0', '월 15.5', '월 16.0', '월 16.5']"
TCHR0612-004,2.0,교육행정및교육경영,교직,"수 5A,5B
수 6A,6B",사범대학,정은경,"0,0,1,1,2,1,2,0,1,2,1,1,2,2,1,1","수 13.0, 13.5
수 14.0, 14.5","['수 13.0', '수 13.5', '수 14.0', '수 14.5']"
TCHR0612-005,2.0,교육행정및교육경영,교직,"수 7A,7B
수 8A,8B",사범대학,정은경,"3,2,1,0,0,3,2,0,0,1,3,2,3,3,0,0","수 15.0, 15.5
수 16.0, 16.5","['수 15.0', '수 15.5', '수 16.0', '수 16.5']"
TCHR0621-001,3.0,교육학교육론,교직,"화 7A,7B,8A
목 7A,7B,8A",사범대학,강현석,"2,0,3,1,0,0,0,3,2,1,0,1,0,0,3,0","화 15.0, 15.5, 16.0
목 15.0, 15.5, 16.0","['화 15.0', '화 15.5', '화 16.0', '목 15.0', '목 15.5', '목 16.0']"
CLTR0003-002,3.0,실용화법,교양,"월 2B,3A,3B
금 1A,1B,2A",사범대학,김령환,"1,0,2,0,1,3,3,2,1,3,1,1,2,0,2,1","월 10.5, 11.0, 11.5
금 9.0, 9.5, 10.0","['월 10.5', '월 11.0', '월 11.5', '금 9.0', '금 9.5', '금 10.0']"
CLTR0016-007,3.0,교양한문,교양,"월 8B,9A,9B
수 7A,7B,8A",사범대학,이규필,"2,0,3,0,3,1,2,2,1,0,3,2,1,3,0,0","월 16.5, 17.0, 17.5
수 15.0, 15.5, 16.0","['월 16.5', '월 17.0', '월 17.5', '수 15.0', '수 15.5', '수 16.0']"
CLTR0041-016,3.0,한국사,교양,"수 8B,9A,9B
금 8B,9A,9B",사범대학,김진한,"0,3,2,1,3,1,3,0,3,2,2,1,2,0,2,1","수 16.5, 17.0, 17.5
금 16.5, 17.0, 17.5","['수 16.5', '수 17.0', '수 17.5', '금 16.5', '금 17.0', '금 17.5']"
CLTR0205-030,3.0,대학글쓰기,교양,"월 7A,7B,8A
금 7A,7B,8A",사범대학,배선윤,"3,1,3,2,2,2,2,2,3,3,1,0,2,3,2,2","월 15.0, 15.5, 16.0
금 15.0, 15.5, 16.0","['월 15.0', '월 15.5', '월 16.0', '금 15.0', '금 15.5', '금 16.0']"
TCHR0622-001,3.0,국어교육론,교직,"월 5B,6A,6B
수 5B,6A,6B",사범대학,김혜정,"3,2,3,2,1,3,0,2,3,2,1,1,2,1,3,3","월 13.5, 14.0, 14.5
수 13.5, 14.0, 14.5","['월 13.5', '월 14.0', '월 14.5', '수 13.5', '수 14.0', '수 14.5']"
TCHR0662-001,3.0,국어교재연구및지도법,교직,"월 5A,5B
월 6A,6B
수 5A,5B
수 6A,6B",사범대학,고춘화,"1,1,2,1,3,2,3,3,0,1,1,0,3,0,0,3","월 13.0, 13.5
월 14.0, 14.5
수 13.0, 13.5
수 14.0, 14.5","['월 13.0', '월 13.5', '월 14.0', '월 14.5', '수 13.0', '수 13.5', '수 14.0', '수 14.5']"
CLTR0078-003,3.0,심리학의이해,교양,"수 8B,9A,9B
금 8B,9A,9B",사범대학,허주연,"1,2,3,3,1,2,1,0,2,0,2,0,2,3,2,3","수 16.5, 17.0, 17.5
금 16.5, 17.0, 17.5","['수 16.5', '수 17.0', '수 17.5', '금 16.5', '금 17.0', '금 17.5']"
CLTR0205-031,3.0,대학글쓰기,교양,"화 1A,1B,2A
목 2B,3A,3B",사범대학,이상숙,"0,3,1,2,2,0,1,1,1,2,1,2,3,0,0,3","화 9.0, 9.5, 10.0
목 10.5, 11.0, 11.5","['화 9.0', '화 9.5', '화 10.0', '목 10.5', '목 11.0', '목 11.5']"
CLTR0042-002,3.0,동양의역사와문화,교양,"월 8B,9A,9B
수 7A,7B,8A",사범대학,이영철,"1,3,3,1,3,0,3,0,2,0,1,3,2,2,0,2","월 16.5, 17.0, 17.5
수 15.0, 15.5, 16.0","['월 16.5', '월 17.0', '월 17.5', '수 15.0', '수 15.5', '수 16.0']"
CLTR0103-006,3.0,과학사의이해,교양,"화 1A,1B,2A
목 2B,3A,3B",사범대학,민길식,"3,0,3,2,2,3,3,3,2,1,0,2,1,1,1,2","화 9.0, 9.5, 10.0
목 10.5, 11.0, 11.5","['화 9.0', '화 9.5', '화 10.0', '목 10.5', '목 11.0', '목 11.5']"
TCHR0628-001,3.0,역사교육론,교직,"화 1A,1B,2A
수 1A,1B,2A",사범대학,방지원,"1,3,0,0,1,3,3,1,1,0,1,0,3,0,0,0","화 9.0, 9.5, 10.0
수 9.0, 9.5, 10.0","['화 9.0', '화 9.5', '화 10.0', '수 9.0', '수 9.5', '수 10.0']"
TCHR0668-001,3.0,역사교재연구및지도법,교직,"월 5A,5B
월 6A,6B
월 7A,7B
월 8A,8B
월 9A,9B",사범대학,방지원,"3,2,1,1,2,2,3,0,0,0,0,0,2,3,1,1","월 13.0, 13.5
월 14.0, 14.5
월 15.0, 15.5
월 16.0, 16.5
월 17.0, 17.5","['월 13.0', '월 13.5', '월 14.0', '월 14.5', '월 15.0', '월 15.5', '월 16.0', '월 16.5', '월 17.0', '월 17.5']"
TCHR0668-002,3.0,역사교재연구및지도법,교직,"수 5B,6A,6B
수 7A,7B,8A",사범대학,방지원,"2,2,3,3,0,3,2,0,0,3,0,3,2,3,0,2","수 13.5, 14.0, 14.5
수 15.0, 15.5, 16.0","['수 13.5', '수 14.0', '수 14.5', '수 15.0', '수 15.5', '수 16.0']"
CLTR0101-007,3.0,인간과자연,교양,"수 1A,1B,2A
금 2B,3A,3B",사범대학,최재우,"1,3,1,3,2,3,1,1,1,0,3,1,0,3,0,2","수 9.0, 9.5, 10.0
금 10.5, 11.0, 11.5","['수 9.0', '수 9.5', '수 10.0', '금 10.5', '금 11.0', '금 11.5']"
TCHR0476-001,3.0,지리 논리 및 논술지도,교직,"화 5A,5B
화 6A,6B
목 5A,5B
목 6A,6B",사범대학,조철기,"0,3,0,1,1,1,2,2,3,1,3,1,3,1,0,3","화 13.0, 13.5
화 14.0, 14.5
목 13.0, 13.5
목 14.0, 14.5","['화 13.0', '화 13.5', '화 14.0', '화 14.5', '목 13.0', '목 13.5', '목 14.0', '목 14.5']"
TCHR0633-001,3.0,지리교육론,교직,"화 1A,1B,2A
목 1A,1B,2A",사범대학,조철기,"0,0,2,3,2,1,3,1,3,2,2,3,3,0,0,0","화 9.0, 9.5, 10.0
목 9.0, 9.5, 10.0","['화 9.0', '화 9.5', '화 10.0', '목 9.0', '목 9.5', '목 10.0']"
CLTR0094-003,3.0,문화인류학의이해,교양,"화 7A,7B,8A
목 7A,7B,8A",사범대학,이준원,"2,3,0,1,2,1,0,1,0,3,3,2,0,2,3,3","화 15.0, 15.5, 16.0
목 15.0, 15.5, 16.0","['화 15.0', '화 15.5', '화 16.0', '목 15.0', '목 15.5', '목 16.0']"
CLTR0112-003,3.0,생활속의통계,교양,"화 1A,1B,2A
목 2B,3A,3B",사범대학,윤연옥,"0,1,1,2,3,1,3,3,3,2,2,0,1,1,0,2","화 9.0, 9.5, 10.0
목 10.5, 11.0, 11.5","['화 9.0', '화 9.5', '화 10.0', '목 10.5', '목 11.0', '목 11.5']"
TCHR0474-001,3.0,일반사회 논리 및 논술지도,교직,"목 9A,9B
목 10A,10B
목 11A,11B
목 12A,12B",사범대학,김우철,"3,3,0,3,3,1,3,3,0,0,1,2,3,2,0,0","목 17.0, 17.5
목 18.0, 18.5
목 19.0","['목 17.0', '목 17.5', '목 18.0', '목 18.5', '목 19.0']"
TCHR0631-001,3.0,일반사회교육론,교직,"수 10A,10B,11A
수 11B,12A,12B",사범대학,김우철,"1,2,3,2,2,2,2,1,3,2,3,3,1,3,3,1","수 18.0, 18.5, 19.0","['수 18.0', '수 18.5', '수 19.0']"
TCHR0671-001,3.0,일반사회교재연구및지도법,교직,"화 9A,9B
화 10A,10B
화 11A,11B
화 12A,12B",사범대학,김우철,"2,1,2,0,0,0,0,0,1,1,3,2,2,0,0,3","화 17.0, 17.5
화 18.0, 18.5
화 19.0","['화 17.0', '화 17.5', '화 18.0', '화 18.5', '화 19.0']"
CLTR0073-003,3.0,현대사회와 윤리,교양,"월 8B,9A,9B
수 7A,7B,8A",사범대학,임경헌,"3,1,0,0,0,1,3,2,3,2,1,0,2,2,3,3","월 16.5, 17.0, 17.5
수 15.0, 15.5, 16.0","['월 16.5', '월 17.0', '월 17.5', '수 15.0', '수 15.5', '수 16.0']"
CLTR0551-001,3.0,중국의 사상과 윤리,교양,"금 5B,6A,6B
금 7A,7B,8A",사범대학,김용수,"1,1,0,0,0,0,2,1,1,2,3,0,3,2,2,2","금 13.5, 14.0, 14.5
금 15.0, 15.5, 16.0","['금 13.5', '금 14.0', '금 14.5', '금 15.0', '금 15.5', '금 16.0']"
CLTR0601-001,3.0,인문과 예술로 만나는 삶과 인성,교양,"월 5B,6A,6B
금 5B,6A,6B",사범대학,이정렬,"2,2,2,2,0,1,1,2,0,1,2,2,2,2,2,3","월 13.5, 14.0, 14.5
금 13.5, 14.0, 14.5","['월 13.5', '월 14.0', '월 14.5', '금 13.5', '금 14.0', '금 14.5']"
CLTR0620-001,3.0,통일과 남북한 관계의 이해,교양,"금 1A,1B,2A
금 2B,3A,3B",사범대학,김영하,"1,1,0,0,0,2,1,2,0,1,3,0,2,3,2,3","금 9.0, 9.5, 10.0
금 10.5, 11.0, 11.5","['금 9.0', '금 9.5', '금 10.0', '금 10.5', '금 11.0', '금 11.5']"
TCHR0467-001,3.0,도덕·윤리 논리 및 논술지도,교직,"수 5B,6A,6B
금 7A,7B,8A",사범대학,이정렬,"2,1,2,0,0,0,3,1,3,1,3,0,2,0,2,1","수 13.5, 14.0, 14.5
금 15.0, 15.5, 16.0","['수 13.5', '수 14.0', '수 14.5', '금 15.0', '금 15.5', '금 16.0']"
TCHR0588-001,3.0,도덕·윤리교재연구및지도법,교직,"월 7A,7B
월 8A,8B
수 7A,7B
수 8A,8B",사범대학,이정렬,"2,3,0,2,0,0,1,3,3,1,2,0,1,0,1,0","월 15.0, 15.5
월 16.0, 16.5
수 15.0, 15.5
수 16.0, 16.5","['월 15.0', '월 15.5', '월 16.0', '월 16.5', '수 15.0', '수 15.5', '수 16.0', '수 16.5']"
CLTR0045-014,3.0,논리와 비판적 사고,교양,"월 5B,6A,6B
금 5B,6A,6B",사범대학,김상현,"1,1,1,1,0,0,1,2,0,2,3,2,0,3,1,3","월 13.5, 14.0, 14.5
금 13.5, 14.0, 14.5","['월 13.5', '월 14.0', '월 14.5', '금 13.5', '금 14.0', '금 14.5']"
CLTR0211-023,3.0,수학 I,교양,"월 7A,7B,8A
금 7A,7B,8A",사범대학,심우주,"0,0,1,3,1,0,0,1,0,3,0,3,1,3,2,0","월 15.0, 15.5, 16.0
금 15.0, 15.5, 16.0","['월 15.0', '월 15.5', '월 16.0', '금 15.0', '금 15.5', '금 16.0']"
TCHR0578-001,3.0,중학교수학교재연구및지도법,교직,"화 1A,1B,2A
목 2B,3A,3B",사범대학,이봉주,"2,3,3,3,1,1,1,3,1,0,0,0,2,1,0,0","화 9.0, 9.5, 10.0
목 10.5, 11.0, 11.5","['화 9.0', '화 9.5', '화 10.0', '목 10.5', '목 11.0', '목 11.5']"
CLTR0211-024,3.0,수학 I,교양,"월 5B,6A,6B
금 5B,6A,6B",사범대학,박은미,"0,3,3,0,1,2,2,1,0,3,0,2,3,0,2,1","월 13.5, 14.0, 14.5
금 13.5, 14.0, 14.5","['월 13.5', '월 14.0', '월 14.5', '금 13.5', '금 14.0', '금 14.5']"
CLTR0820-005,3.0,기초수학1,교양,"월 2B,3A,3B
금 1A,1B,2A",사범대학,박은미,"2,0,2,1,1,0,0,1,2,1,0,0,0,0,2,2","월 10.5, 11.0, 11.5
금 9.0, 9.5, 10.0","['월 10.5', '월 11.0', '월 11.5', '금 9.0', '금 9.5', '금 10.0']"
TCHR0469-001,3.0,물리 논리 및 논술지도,교직,"금 2A,2B
금 3A,3B
금 4A,4B",사범대학,윤은정,"2,3,2,1,2,1,1,0,1,1,3,2,1,2,0,2","금 10.0, 10.5
금 11.0, 11.5
금 12.0, 12.5","['금 10.0', '금 10.5', '금 11.0', '금 11.5', '금 12.0', '금 12.5']"
TCHR0636-001,3.0,물리교육론,교직,"화 7A,7B,8A
목 7A,7B,8A",사범대학,하상우,"0,3,3,1,1,2,2,0,0,1,3,0,0,3,1,0","화 15.0, 15.5, 16.0
목 15.0, 15.5, 16.0","['화 15.0', '화 15.5', '화 16.0', '목 15.0', '목 15.5', '목 16.0']"
TCHR0676-001,3.0,물리교재연구및지도법,교직,"월 5A,5B
월 6A,6B
월 7A,7B
수 5A,5B
수 6A,6B",사범대학,하상우,"1,0,2,1,0,1,1,3,2,1,3,2,0,2,2,1","월 13.0, 13.5
월 14.0, 14.5
월 15.0, 15.5
수 13.0, 13.5
수 14.0, 14.5","['월 13.0', '월 13.5', '월 14.0', '월 14.5', '월 15.0', '월 15.5', '수 13.0', '수 13.5', '수 14.0', '수 14.5']"
TCHR0677-001,3.0,화학교재연구및지도법,교직,"화 7A,7B
화 8A,8B
목 7A,7B
목 8A,8B",사범대학,박종석,"1,0,1,1,1,1,0,2,2,1,1,0,3,2,3,0","화 15.0, 15.5
화 16.0, 16.5
목 15.0, 15.5
목 16.0, 16.5","['화 15.0', '화 15.5', '화 16.0', '화 16.5', '목 15.0', '목 15.5', '목 16.0', '목 16.5']"
CLTR0041-018,3.0,한국사,교양,"월 2B,3A,3B
금 1A,1B,2A",사범대학,송석현,"2,1,1,1,3,2,0,1,0,3,2,1,2,1,2,1","월 10.5, 11.0, 11.5
금 9.0, 9.5, 10.0","['월 10.5', '월 11.0', '월 11.5', '금 9.0', '금 9.5', '금 10.0']"
TCHR0561-001,3.0,생명과학교육론,교직,"월 5B,6A,6B
수 5B,6A,6B",사범대학,김영신,"3,0,2,0,3,0,3,2,3,1,1,2,2,3,3,3","월 13.5, 14.0, 14.5
수 13.5, 14.0, 14.5","['월 13.5', '월 14.0', '월 14.5', '수 13.5', '수 14.0', '수 14.5']"
TCHR0563-001,3.0,생명과학 논리 및 논술지도,교직,"월 7A,7B
월 8A,8B
월 9A,9B
수 2A,2B
수 3A,3B",사범대학,김영신,"1,1,0,3,0,3,1,1,0,0,2,2,0,3,3,3","월 15.0, 15.5
월 16.0, 16.5
월 17.0, 17.5
수 10.0, 10.5
수 11.0, 11.5","['월 15.0', '월 15.5', '월 16.0', '월 16.5', '월 17.0', '월 17.5', '수 10.0', '수 10.5', '수 11.0', '수 11.5']"
CLTR0041-019,3.0,한국사,교양,"화 7A,7B,8A
목 7A,7B,8A",사범대학,김명자,"0,0,3,0,2,0,2,0,2,0,1,2,2,2,0,0","화 15.0, 15.5, 16.0
목 15.0, 15.5, 16.0","['화 15.0', '화 15.5', '화 16.0', '목 15.0', '목 15.5', '목 16.0']"
CLTR0041-017,3.0,한국사,교양,"월 5B,6A,6B
금 5B,6A,6B",사범대학,김영나,"3,2,2,1,2,0,3,0,0,3,1,2,2,0,0,1","월 13.5, 14.0, 14.5
금 13.5, 14.0, 14.5","['월 13.5', '월 14.0', '월 14.5', '금 13.5', '금 14.0', '금 14.5']"
CLTR0102-001,3.0,자연과학의이해,교양,"월 1A,1B,2A
수 2B,3A,3B",사범대학,이형철,"0,3,0,1,0,3,3,2,0,1,2,3,2,3,3,1","월 9.0, 9.5, 10.0
수 10.5, 11.0, 11.5","['월 9.0', '월 9.5', '월 10.0', '수 10.5', '수 11.0', '수 11.5']"
TCHR0461-001,3.0,가정과 논리 및 논술지도,교직,"월 5A,5B
월 6A,6B
월 7A,7B
수 2A,2B
수 3A,3B",사범대학,김은정,"3,3,3,3,1,2,1,1,0,0,3,0,3,1,3,1","월 13.0, 13.5
월 14.0, 14.5
월 15.0, 15.5
수 10.0, 10.5
수 11.0, 11.5","['월 13.0', '월 13.5', '월 14.0', '월 14.5', '월 15.0', '월 15.5', '수 10.0', '수 10.5', '수 11.0', '수 11.5']"
TCHR0589-001,3.0,가정과교육론,교직,"수 5B,6A,6B
수 7A,7B,8A",사범대학,김은정,"1,3,2,3,2,0,1,0,3,1,1,1,3,1,0,2","수 13.5, 14.0, 14.5
수 15.0, 15.5, 16.0","['수 13.5', '수 14.0', '수 14.5', '수 15.0', '수 15.5', '수 16.0']"
CLTR0180-001,1.0,골프,교양,"월 5A,5B
월 6A,6B",사범대학,길민정,"0,1,1,2,0,3,0,1,3,2,2,3,2,0,0,1","월 13.0, 13.5
월 14.0, 14.5","['월 13.0', '월 13.5', '월 14.0', '월 14.5']"
CLTR0180-002,1.0,골프,교양,"화 5A,5B
화 6A,6B",사범대학,김은지,"2,3,3,0,2,0,1,3,1,0,3,0,1,0,3,3","화 13.0, 13.5
화 14.0, 14.5","['화 13.0', '화 13.5', '화 14.0', '화 14.5']"
CLTR0180-003,1.0,골프,교양,"수 5A,5B
수 6A,6B",사범대학,길민정,"1,3,2,2,0,3,2,2,0,0,2,0,0,2,1,3","수 13.0, 13.5
수 14.0, 14.5","['수 13.0', '수 13.5', '수 14.0', '수 14.5']"
CLTR0180-004,1.0,골프,교양,"금 5A,5B
금 6A,6B",사범대학,선민규,"0,1,1,2,1,0,1,0,0,1,2,3,0,2,0,0","금 13.0, 13.5
금 14.0, 14.5","['금 13.0', '금 13.5', '금 14.0', '금 14.5']"
CLTR0181-001,1.0,호신술,교양,"목 6A,6B
목 7A,7B",사범대학,차무성,"1,1,0,0,0,1,3,3,2,3,2,0,3,3,2,1","목 14.0, 14.5
목 15.0, 15.5","['목 14.0', '목 14.5', '목 15.0', '목 15.5']"
CLTR0181-002,1.0,호신술,교양,"목 3A,3B
목 4A,4B",사범대학,차무성,"1,3,3,1,0,0,2,2,0,0,1,3,0,2,0,2","목 11.0, 11.5
목 12.0, 12.5","['목 11.0', '목 11.5', '목 12.0', '목 12.5']"
CLTR0181-003,1.0,호신술,교양,"금 1A,1B
금 2A,2B",사범대학,김준수,"0,3,2,2,1,1,3,1,1,3,1,1,2,3,2,3","금 9.0, 9.5
금 10.0, 10.5","['금 9.0', '금 9.5', '금 10.0', '금 10.5']"
CLTR0183-001,1.0,캠핑,교양,"화 5A,5B
화 6A,6B",사범대학,한윤수,"3,3,0,2,1,1,0,3,1,2,2,2,0,0,0,2","화 13.0, 13.5
화 14.0, 14.5","['화 13.0', '화 13.5', '화 14.0', '화 14.5']"
CLTR0183-002,1.0,캠핑,교양,"목 5A,5B
목 6A,6B",사범대학,한윤수,"0,2,3,1,0,3,1,3,2,0,2,0,2,3,0,1","목 13.0, 13.5
목 14.0, 14.5","['목 13.0', '목 13.5', '목 14.0', '목 14.5']"
CLTR0183-003,1.0,캠핑,교양,"목 5A,5B
목 6A,6B",사범대학,이규일,"2,0,3,2,2,2,2,0,0,0,0,2,3,2,3,0","목 13.0, 13.5
목 14.0, 14.5","['목 13.0', '목 13.5', '목 14.0', '목 14.5']"
CLTR0210-022,3.0,명저읽기와 토론,교양,"월 8B,9A,9B
수 7A,7B,8A",사범대학,김경오,"3,1,3,3,0,2,0,2,2,2,3,0,0,3,2,1","월 16.5, 17.0, 17.5
수 15.0, 15.5, 16.0","['월 16.5', '월 17.0', '월 17.5', '수 15.0', '수 15.5', '수 16.0']"
CLTR0401-001,2.0,체력 컨디셔닝,교양,"화 7A,7B
화 8A,8B
화 9A,9B",사범대학,박현권,"3,0,1,2,1,1,3,1,2,2,3,2,3,1,1,0","화 15.0, 15.5
화 16.0, 16.5
화 17.0, 17.5","['화 15.0', '화 15.5', '화 16.0', '화 16.5', '화 17.0', '화 17.5']"
CLTR0652-001,1.0,생활테니스,교양,"화 5A,5B
화 6A,6B",사범대학,박성기,"2,1,0,1,3,0,0,0,3,2,3,0,2,3,3,3","화 13.0, 13.5
화 14.0, 14.5","['화 13.0', '화 13.5', '화 14.0', '화 14.5']"
CLTR0652-002,1.0,생활테니스,교양,"수 7A,7B
수 8A,8B",사범대학,최승우,"2,3,0,1,1,3,2,1,2,1,2,1,0,3,2,2","수 15.0, 15.5
수 16.0, 16.5","['수 15.0', '수 15.5', '수 16.0', '수 16.5']"
CLTR0652-003,1.0,생활테니스,교양,"목 7A,7B
목 8A,8B",사범대학,최승우,"0,3,1,0,1,3,1,3,3,3,0,2,3,1,2,0","목 15.0, 15.5
목 16.0, 16.5","['목 15.0', '목 15.5', '목 16.0', '목 16.5']"
CLTR0652-004,1.0,생활테니스,교양,"금 7A,7B
금 8A,8B",사범대학,최승우,"2,2,3,0,2,2,1,1,1,2,1,0,2,3,0,1","금 15.0, 15.5
금 16.0, 16.5","['금 15.0', '금 15.5', '금 16.0', '금 16.5']"
CLTR0654-001,1.0,댄스스포츠,교양,"월 7A,7B
월 8A,8B",사범대학,박찬숙,"1,1,3,3,0,0,0,0,1,0,1,3,3,1,0,3","월 15.0, 15.5
월 16.0, 16.5","['월 15.0', '월 15.5', '월 16.0', '월 16.5']"
CLTR0654-002,1.0,댄스스포츠,교양,"화 7A,7B
화 8A,8B",사범대학,이은하,"2,0,2,0,1,1,3,1,1,3,3,1,2,1,2,2","화 15.0, 15.5
화 16.0, 16.5","['화 15.0', '화 15.5', '화 16.0', '화 16.5']"
CLTR0654-003,1.0,댄스스포츠,교양,"수 7A,7B
수 8A,8B",사범대학,권세영,"0,1,2,2,0,0,0,3,1,3,3,2,2,1,3,0","수 15.0, 15.5
수 16.0, 16.5","['수 15.0', '수 15.5', '수 16.0', '수 16.5']"
CLTR0654-004,1.0,댄스스포츠,교양,"목 2A,2B
목 3A,3B",사범대학,이은하,"1,1,3,2,2,1,0,2,3,2,1,0,3,0,0,1","목 10.0, 10.5
목 11.0, 11.5","['목 10.0', '목 10.5', '목 11.0', '목 11.5']"
CLTR0657-001,1.0,생활배드민턴,교양,"월 3A,3B
월 4A,4B",사범대학,장지형,"1,3,0,0,3,2,1,2,0,1,3,1,0,0,3,0","월 11.0, 11.5
월 12.0, 12.5","['월 11.0', '월 11.5', '월 12.0', '월 12.5']"
CLTR0657-002,1.0,생활배드민턴,교양,"수 3A,3B
수 4A,4B",사범대학,장지형,"0,1,0,1,1,2,1,2,0,0,2,0,0,3,0,3","수 11.0, 11.5
수 12.0, 12.5","['수 11.0', '수 11.5', '수 12.0', '수 12.5']"
CLTR0657-003,1.0,생활배드민턴,교양,"화 5A,5B
화 6A,6B",사범대학,장지형,"1,2,1,3,3,2,0,0,2,0,2,3,2,3,2,1","화 13.0, 13.5
화 14.0, 14.5","['화 13.0', '화 13.5', '화 14.0', '화 14.5']"
CLTR0658-001,1.0,생활수영,교양,"월 1A,1B
월 2A,2B",사범대학,정재후,"3,0,2,0,1,2,3,3,3,2,0,0,2,2,3,0","월 9.0, 9.5
월 10.0, 10.5","['월 9.0', '월 9.5', '월 10.0', '월 10.5']"
CLTR0658-002,1.0,생활수영,교양,"화 1A,1B
화 2A,2B",사범대학,정재후,"2,2,0,2,3,0,1,0,0,0,0,1,3,1,3,1","화 9.0, 9.5
화 10.0, 10.5","['화 9.0', '화 9.5', '화 10.0', '화 10.5']"
CLTR0658-004,1.0,생활수영,교양,"목 1A,1B
목 2A,2B",사범대학,정재후,"2,1,3,3,3,0,1,2,1,0,2,3,1,1,2,0","목 9.0, 9.5
목 10.0, 10.5","['목 9.0', '목 9.5', '목 10.0', '목 10.5']"
CLTR0846-001,3.0,운동과 뇌,교양,"화 7A,7B,8A
목 7A,7B,8A",사범대학,이규일,"3,0,0,3,1,1,3,3,2,1,3,2,3,0,2,1","화 15.0, 15.5, 16.0
목 15.0, 15.5, 16.0","['화 15.0', '화 15.5', '화 16.0', '목 15.0', '목 15.5', '목 16.0']"
TCHR0477-001,3.0,체육 논리 및 논술지도,교직,"월 5A,5B
월 6A,6B
월 7A,7B
수 5A,5B
수 6A,6B",사범대학,이규일,"3,1,1,2,0,2,0,0,1,2,2,3,3,1,0,3","월 13.0, 13.5
월 14.0, 14.5
월 15.0, 15.5
수 13.0, 13.5
수 14.0, 14.5","['월 13.0', '월 13.5', '월 14.0', '월 14.5', '월 15.0', '월 15.5', '수 13.0', '수 13.5', '수 14.0', '수 14.5']"
TCHR0651-001,3.0,체육교육론,교직,"화 7A,7B,8A
화 8B,9A,9B",사범대학,이안수,"0,3,2,3,3,2,0,3,3,0,2,1,1,2,3,0","화 15.0, 15.5, 16.0
화 16.5, 17.0, 17.5","['화 15.0', '화 15.5', '화 16.0', '화 16.5', '화 17.0', '화 17.5']"
TCHR0655-001,3.0,기술교육론,교직,"목 10A,10B
목 11A,11B
목 12A,12B",사범대학,함형인,"1,2,0,3,1,1,0,2,3,0,0,3,0,3,1,3","목 18.0, 18.5
목 19.0","['목 18.0', '목 18.5', '목 19.0']"
CLTR0210-018,3.0,명저읽기와 토론,교양,"화 7A,7B,8A
목 7A,7B,8A",사범대학,손철성,"3,3,1,3,2,0,0,3,0,1,3,2,2,3,1,1","화 15.0, 15.5, 16.0
목 15.0, 15.5, 16.0","['화 15.0', '화 15.5', '화 16.0', '목 15.0', '목 15.5', '목 16.0']"
CLTR0210-019,3.0,명저읽기와 토론,교양,"금 1A,1B,2A
금 2B,3A,3B",사범대학,김용수,"0,1,0,1,1,3,0,3,1,0,3,3,0,3,1,2","금 9.0, 9.5, 10.0
금 10.5, 11.0, 11.5","['금 9.0', '금 9.5', '금 10.0', '금 10.5', '금 11.0', '금 11.5']"
CLTR0210-020,3.0,명저읽기와 토론,교양,"화 5B,6A,6B
목 5B,6A,6B",사범대학,채권석,"3,3,3,3,2,1,1,1,2,1,3,0,2,2,3,3","화 13.5, 14.0, 14.5
목 13.5, 14.0, 14.5","['화 13.5', '화 14.0', '화 14.5', '목 13.5', '목 14.0', '목 14.5']"
CLTR0768-001,3.0,글로벌· 다문화 사회와 미래교육,교양,"화 10A,10B,11A
화 11B,12A,12B",사범대학,고민경,"2,0,2,0,1,3,3,2,1,3,2,0,3,2,3,2","화 18.0, 18.5, 19.0","['화 18.0', '화 18.5', '화 19.0']"
CLTR0024-002,3.0,독일어1,교양,"월 1A,1B,2A
수 2B,3A,3B",사범대학,안철택,"1,2,2,0,0,2,1,3,1,3,1,3,1,2,2,1","월 9.0, 9.5, 10.0
수 10.5, 11.0, 11.5","['월 9.0', '월 9.5', '월 10.0', '수 10.5', '수 11.0', '수 11.5']"
CLTR0043-004,3.0,서양의역사와문화,교양,"화 7A,7B,8A
목 7A,7B,8A",사범대학,강미경,"3,2,2,3,0,0,3,3,0,2,3,0,0,0,1,3","화 15.0, 15.5, 16.0
목 15.0, 15.5, 16.0","['화 15.0', '화 15.5', '화 16.0', '목 15.0', '목 15.5', '목 16.0']"
CLTR0205-032,3.0,대학글쓰기,교양,"화 5B,6A,6B
목 5B,6A,6B",사범대학,김인환,"3,3,3,3,3,2,0,0,0,3,2,1,2,0,0,2","화 13.5, 14.0, 14.5
목 13.5, 14.0, 14.5","['화 13.5', '화 14.0', '화 14.5', '목 13.5', '목 14.0', '목 14.5']"
CLTR0252-001,3.0,논쟁술,교양,"화 5B,6A,6B
목 5B,6A,6B",사범대학,채연숙,"1,3,0,3,1,0,1,1,0,1,2,2,3,0,0,2","화 13.5, 14.0, 14.5
목 13.5, 14.0, 14.5","['화 13.5', '화 14.0', '화 14.5', '목 13.5', '목 14.0', '목 14.5']"
CLTR0501-002,3.0,한국의 언어와 문학,교양,"화 1A,1B,2A
목 2B,3A,3B",사범대학,이재섭,"2,0,0,3,3,3,2,0,2,3,3,3,2,0,3,3","화 9.0, 9.5, 10.0
목 10.5, 11.0, 11.5","['화 9.0', '화 9.5', '화 10.0', '목 10.5', '목 11.0', '목 11.5']"
TCHR0478-001,3.0,프랑스어 논리 및 논술지도,교직,"화 8B,9A,9B
목 8B,9A,9B",사범대학,김병욱,"1,0,2,0,3,3,0,0,0,3,1,1,3,2,0,0","화 16.5, 17.0, 17.5
목 16.5, 17.0, 17.5","['화 16.5', '화 17.0', '화 17.5', '목 16.5', '목 17.0', '목 17.5']"
TCHR0581-001,3.0,독일어교육론,교직,"월 7A,7B,8A
수 7A,7B,8A",사범대학,손성호,"3,0,1,0,0,3,3,1,3,3,2,0,0,0,3,3","월 15.0, 15.5, 16.0
수 15.0, 15.5, 16.0","['월 15.0', '월 15.5', '월 16.0', '수 15.0', '수 15.5', '수 16.0']"
TCHR0582-001,3.0,독일어교재연구및지도법,교직,"월 2A,2B
월 3A,3B
수 2A,2B
수 3A,3B",사범대학,손성호,"1,3,3,1,2,0,0,2,1,1,3,1,2,2,3,3","월 10.0, 10.5
월 11.0, 11.5
수 10.0, 10.5
수 11.0, 11.5","['월 10.0', '월 10.5', '월 11.0', '월 11.5', '수 10.0', '수 10.5', '수 11.0', '수 11.5']"
TCHR0584-001,3.0,프랑스어교재연구및지도법,교직,"화 2A,2B
화 3A,3B
목 2A,2B
목 3A,3B",사범대학,김희경,"1,1,0,1,3,2,3,1,1,1,2,3,3,3,3,0","화 10.0, 10.5
화 11.0, 11.5
목 10.0, 10.5
목 11.0, 11.5","['화 10.0', '화 10.5', '화 11.0', '화 11.5', '목 10.0', '목 10.5', '목 11.0', '목 11.5']"
CLTR0205-033,3.0,대학글쓰기,교양,"화 2B,3A,3B
목 1A,1B,2A",사범대학,신소윤,"0,3,3,3,0,1,1,0,1,0,0,2,1,0,1,2","화 10.5, 11.0, 11.5
목 9.0, 9.5, 10.0","['화 10.5', '화 11.0', '화 11.5', '목 9.0', '목 9.5', '목 10.0']"
TCHR0444-001,3.0,통합과학 논리 및 논술지도,교직,"수 7A,7B,8A
수 8B,9A,9B",사범대학,김영신,"2,3,0,1,0,1,3,0,3,2,0,1,2,1,2,2","수 15.0, 15.5, 16.0
수 16.5, 17.0, 17.5","['수 15.0', '수 15.5', '수 16.0', '수 16.5', '수 17.0', '수 17.5']"
TCHR0444-002,3.0,통합과학 논리 및 논술지도,교직,"수 7A,7B,8A
수 8B,9A,9B",사범대학,김영신,"0,2,2,0,2,1,0,0,1,2,0,0,0,3,2,2","수 15.0, 15.5, 16.0
수 16.5, 17.0, 17.5","['수 15.0', '수 15.5', '수 16.0', '수 16.5', '수 17.0', '수 17.5']"
